post_id,timestamp,email,post_type,post_audience,active_subscription,country,city,region,device_type,client_os,client_type,user_agent
156332314,2025-02-03T11:18:39.048Z,eric@impulsecorp.com,newsletter,everyone,true,US,,,,,,Mozilla/5.0 (Windows NT 5.1; rv:11.0) Gecko Firefox/11.0 (via ggpht.com GoogleImageProxy)
156332314,2025-02-03T11:18:40.692Z,warss677@newschool.edu,newsletter,everyone,true,US,,,,,,Mozilla/5.0 (Windows NT 5.1; rv:11.0) Gecko Firefox/11.0 (via ggpht.com GoogleImageProxy)
156332314,2025-02-03T11:18:42.253Z,eric@impulsecorp.com,newsletter,everyone,true,US,,,,,,Mozilla/5.0 (Windows NT 5.1; rv:11.0) Gecko Firefox/11.0 (via ggpht.com GoogleImageProxy)
156332314,2025-02-03T11:19:18.044Z,smccaugh@outlook.com,newsletter,everyone,false,CA,,,,,,Mozilla/5.0
156332314,2025-02-03T11:19:40.156Z,romain-gonzalez@hotmail.fr,newsletter,everyone,true,FR,,,,,,Mozilla/5.0
156332314,2025-02-03T11:19:43.645Z,tustinerika@gmail.com,newsletter,everyone,true,CA,,,,,,Mozilla/5.0
156332314,2025-02-03T11:19:46.910Z,c@sanfranciscoconsult.com,newsletter,everyone,true,FR,,,,,,Mozilla/5.0
156332314,2025-02-03T11:19:51.803Z,alanwinnett@gmail.com,newsletter,everyone,true,US,,,,,,Mozilla/5.0 (Windows NT 5.1; rv:11.0) Gecko Firefox/11.0 (via ggpht.com GoogleImageProxy)
156332314,2025-02-03T11:20:01.271Z,rsalutin@gmail.com,newsletter,everyone,false,US,,,,,,Mozilla/5.0 (Windows NT 5.1; rv:11.0) Gecko Firefox/11.0 (via ggpht.com GoogleImageProxy)
156332314,2025-02-03T11:20:07.583Z,rsalutin@gmail.com,newsletter,everyone,false,US,,,,,,Mozilla/5.0 (Windows NT 5.1; rv:11.0) Gecko Firefox/11.0 (via ggpht.com GoogleImageProxy)
156332314,2025-02-03T11:20:10.360Z,alicedawkins.au@gmail.com,newsletter,everyone,true,US,,,,,,Mozilla/5.0 (Windows NT 5.1; rv:11.0) Gecko Firefox/11.0 (via ggpht.com GoogleImageProxy)
156332314,2025-02-03T11:20:32.841Z,smarkan@gmail.com,newsletter,everyone,true,US,,,,,,Mozilla/5.0 (Windows NT 5.1; rv:11.0) Gecko Firefox/11.0 (via ggpht.com GoogleImageProxy)
156332314,2025-02-03T11:20:36.171Z,kristen.stais@bellmedia.ca,newsletter,everyone,true,CA,,,,,,"Mozilla/5.0 (iPhone; CPU iPhone OS 17_6_1 like Mac OS X) AppleWebKit/605.1.15 (KHTML, like Gecko) Mobile/15E148"
156332314,2025-02-03T11:20:36.267Z,kristen.stais@bellmedia.ca,newsletter,everyone,true,CA,,,,,,"Mozilla/5.0 (iPhone; CPU iPhone OS 17_6_1 like Mac OS X) AppleWebKit/605.1.15 (KHTML, like Gecko) Mobile/15E148"
156332314,2025-02-03T11:20:53.510Z,barbara@bbneves.com,newsletter,everyone,true,US,,,,,,Mozilla/5.0 (Windows NT 5.1; rv:11.0) Gecko Firefox/11.0 (via ggpht.com GoogleImageProxy)
156332314,2025-02-03T11:21:02.355Z,drmartin66@gmail.com,newsletter,everyone,true,CA,,,,,,Mozilla/5.0
156332314,2025-02-03T11:22:37.575Z,luca.megale2104@gmail.com,newsletter,everyone,true,US,,,,,,Mozilla/5.0 (Windows NT 5.1; rv:11.0) Gecko Firefox/11.0 (via ggpht.com GoogleImageProxy)
156332314,2025-02-03T11:23:28.148Z,divyeshm07@gmail.com,newsletter,everyone,true,US,,,,,,Mozilla/5.0 (Windows NT 5.1; rv:11.0) Gecko Firefox/11.0 (via ggpht.com GoogleImageProxy)
156332314,2025-02-03T11:23:34.935Z,ronit@thegrain.ai,newsletter,everyone,true,CA,,,,,,Mozilla/5.0
156332314,2025-02-03T11:24:48.792Z,editorpeter30@gmail.com,newsletter,everyone,true,US,,,,,,Mozilla/5.0 (Windows NT 5.1; rv:11.0) Gecko Firefox/11.0 (via ggpht.com GoogleImageProxy)
156332314,2025-02-03T11:25:18.863Z,gehlaw@gmail.com,newsletter,everyone,true,US,,,,,,Mozilla/5.0 (Windows NT 5.1; rv:11.0) Gecko Firefox/11.0 (via ggpht.com GoogleImageProxy)
156332314,2025-02-03T11:25:19.966Z,ds@dstroyer.ca,newsletter,everyone,true,CA,,,,,,Mozilla/5.0
156332314,2025-02-03T11:25:23.543Z,n_gauthier@me.com,newsletter,everyone,true,CA,,,,,,Mozilla/5.0
156332314,2025-02-03T11:25:29.057Z,m3diacy@gmail.com,newsletter,everyone,true,US,,,,,,Mozilla/5.0 (Windows NT 5.1; rv:11.0) Gecko Firefox/11.0 (via ggpht.com GoogleImageProxy)
156332314,2025-02-03T11:26:03.093Z,deluge_bistros0j@icloud.com,newsletter,everyone,true,CA,,,,,,Mozilla/5.0
156332314,2025-02-03T11:26:07.553Z,jonathanrshell@gmail.com,newsletter,everyone,true,US,,,,,,Mozilla/5.0 (Windows NT 5.1; rv:11.0) Gecko Firefox/11.0 (via ggpht.com GoogleImageProxy)
156332314,2025-02-03T11:26:40.163Z,briancotie@gmail.com,newsletter,everyone,true,CA,,,,,,Mozilla/5.0
156332314,2025-02-03T11:26:57.353Z,cal.marcoux@gmail.com,newsletter,everyone,true,CA,,,,,,Mozilla/5.0
156332314,2025-02-03T11:27:53.895Z,matt.e.jackson@gmail.com,newsletter,everyone,true,US,,,,,,Mozilla/5.0 (Windows NT 5.1; rv:11.0) Gecko Firefox/11.0 (via ggpht.com GoogleImageProxy)
156332314,2025-02-03T11:28:19.385Z,peterdgooch@gmail.com,newsletter,everyone,true,US,,,,,,Mozilla/5.0 (Windows NT 5.1; rv:11.0) Gecko Firefox/11.0 (via ggpht.com GoogleImageProxy)
156332314,2025-02-03T11:29:05.628Z,kjfitzgeraldva@gmail.com,newsletter,everyone,true,US,,,,,,Mozilla/5.0
156332314,2025-02-03T11:29:29.235Z,johnee72@icloud.com,newsletter,everyone,true,CA,,,,,,Mozilla/5.0
156332314,2025-02-03T11:29:41.368Z,noah@springboardpolicy.com,newsletter,everyone,true,US,,,,,,Mozilla/5.0 (Windows NT 5.1; rv:11.0) Gecko Firefox/11.0 (via ggpht.com GoogleImageProxy)
156332314,2025-02-03T11:29:42.141Z,noah@springboardpolicy.com,newsletter,everyone,true,US,,,,,,Mozilla/5.0 (Windows NT 5.1; rv:11.0) Gecko Firefox/11.0 (via ggpht.com GoogleImageProxy)
156332314,2025-02-03T11:29:48.463Z,tboyce1240@gmail.com,newsletter,everyone,true,CA,,,,,,Mozilla/5.0
156332314,2025-02-03T11:30:24.359Z,dagelb@gmail.com,newsletter,everyone,true,CA,,,,,,Mozilla/5.0
156332314,2025-02-03T11:31:42.548Z,jules@jules.ca,newsletter,everyone,true,CA,,,,,,Mozilla/5.0
156332314,2025-02-03T11:32:32.927Z,mikeklages@gmail.com,newsletter,everyone,true,CA,,,,,,Mozilla/5.0
156332314,2025-02-03T11:33:10.847Z,Ashleyterry8@gmail.com,newsletter,everyone,true,US,,,,,,Mozilla/5.0 (Windows NT 5.1; rv:11.0) Gecko Firefox/11.0 (via ggpht.com GoogleImageProxy)
156332314,2025-02-03T11:33:11.479Z,msurman@commons.ca,newsletter,everyone,true,CA,,,,,,Mozilla/5.0
156332314,2025-02-03T11:35:08.102Z,bianchini.rose@gmail.com,newsletter,everyone,true,US,,,,,,Mozilla/5.0 (Windows NT 5.1; rv:11.0) Gecko Firefox/11.0 (via ggpht.com GoogleImageProxy)
156332314,2025-02-03T11:35:09.407Z,d.wershler@concordia.ca,newsletter,everyone,true,CA,,,,,,Mozilla/5.0
156332314,2025-02-03T11:35:46.546Z,jeff.meltz@gmail.com,newsletter,everyone,true,US,,,,,,Mozilla/5.0 (Windows NT 5.1; rv:11.0) Gecko Firefox/11.0 (via ggpht.com GoogleImageProxy)
156332314,2025-02-03T11:36:02.773Z,stro1@me.com,newsletter,everyone,true,CA,,,,,,Mozilla/5.0
156332314,2025-02-03T11:36:24.039Z,Jessica.Ashlee.Bader@gmail.com,newsletter,everyone,true,US,,,,,,Mozilla/5.0
156332314,2025-02-03T11:36:29.373Z,ppittman@gmail.com,newsletter,everyone,true,CA,,,,,,Mozilla/5.0
156332314,2025-02-03T11:36:42.481Z,carae@microsoft.com,newsletter,everyone,true,CA,,,,,,Mozilla/5.0
156332314,2025-02-03T11:37:38.287Z,allanintogreen@gmail.com,newsletter,everyone,true,US,,,,,,Mozilla/5.0 (Windows NT 5.1; rv:11.0) Gecko Firefox/11.0 (via ggpht.com GoogleImageProxy)
156332314,2025-02-03T11:37:53.815Z,eudesf@telusplanet.net,newsletter,everyone,true,US,,,,,,Mozilla/5.0 (Windows NT 5.1; rv:11.0) Gecko Firefox/11.0 (via ggpht.com GoogleImageProxy)
156332314,2025-02-03T11:38:02.012Z,ajd636@gmail.com,newsletter,everyone,true,CA,,,,,,Mozilla/5.0
156332314,2025-02-03T11:38:40.088Z,buenaonda76@gmail.com,newsletter,everyone,true,US,,,,,,Mozilla/5.0 (Windows NT 5.1; rv:11.0) Gecko Firefox/11.0 (via ggpht.com GoogleImageProxy)
156332314,2025-02-03T11:38:43.271Z,david@openflows.net,newsletter,everyone,true,US,,,,,,Mozilla/5.0 (Windows NT 5.1; rv:11.0) Gecko Firefox/11.0 (via ggpht.com GoogleImageProxy)
156332314,2025-02-03T11:39:33.162Z,jim@amolino.com,newsletter,everyone,true,CA,,,,,,"Mozilla/5.0 (iPhone; CPU iPhone OS 18_1_1 like Mac OS X) AppleWebKit/605.1.15 (KHTML, like Gecko) Mobile/15E148"
156332314,2025-02-03T11:39:33.241Z,jim@amolino.com,newsletter,everyone,true,CA,,,,,,"Mozilla/5.0 (iPhone; CPU iPhone OS 18_1_1 like Mac OS X) AppleWebKit/605.1.15 (KHTML, like Gecko) Mobile/15E148"
156332314,2025-02-03T11:40:11.888Z,zain729@gmail.com,newsletter,everyone,true,US,,,,,,Mozilla/5.0 (Windows NT 5.1; rv:11.0) Gecko Firefox/11.0 (via ggpht.com GoogleImageProxy)
156332314,2025-02-03T11:41:15.604Z,kangas@luxsci.com,newsletter,everyone,true,US,,,,,,Mozilla/5.0
156332314,2025-02-03T11:41:45.673Z,andrew@comprotec.com,newsletter,everyone,true,BM,,,,,,Mozilla/5.0
156332314,2025-02-03T11:42:14.273Z,msurman@commons.ca,newsletter,everyone,true,US,,,,,,Mozilla/5.0 (Windows NT 5.1; rv:11.0) Gecko Firefox/11.0 (via ggpht.com GoogleImageProxy)
156332314,2025-02-03T11:42:24.272Z,patrycja.thompson@gmail.com,newsletter,everyone,true,CA,,,,,,Mozilla/5.0
156332314,2025-02-03T11:42:31.581Z,ds@dstroyer.ca,newsletter,everyone,true,CA,,,,,,Mozilla/5.0
156332314,2025-02-03T11:42:49.539Z,Caniceleung@gmail.com,newsletter,everyone,true,CA,,,,,,Mozilla/5.0
156332314,2025-02-03T11:43:14.562Z,vasiliki.bednar@gmail.com,newsletter,everyone,true,CA,,,,,,Mozilla/5.0
156332314,2025-02-03T11:43:17.380Z,nlstrumpf@gmail.com,newsletter,everyone,true,US,,,,,,Mozilla/5.0 (Windows NT 5.1; rv:11.0) Gecko Firefox/11.0 (via ggpht.com GoogleImageProxy)
156332314,2025-02-03T11:43:57.791Z,ms.solomon.teacher@gmail.com,newsletter,everyone,true,CA,,,,,,Mozilla/5.0
156332314,2025-02-03T11:44:14.968Z,monique.tschofen@gmail.com,newsletter,everyone,true,CA,,,,,,Mozilla/5.0
156332314,2025-02-03T11:44:38.358Z,johncollins451@gmail.com,newsletter,everyone,true,US,,,,,,Mozilla/5.0
156332314,2025-02-03T11:46:04.684Z,msurman@commons.ca,newsletter,everyone,true,US,,,,,,Mozilla/5.0 (Windows NT 5.1; rv:11.0) Gecko Firefox/11.0 (via ggpht.com GoogleImageProxy)
156332314,2025-02-03T11:46:32.286Z,msurman@commons.ca,newsletter,everyone,true,US,,,,,,Mozilla/5.0 (Windows NT 5.1; rv:11.0) Gecko Firefox/11.0 (via ggpht.com GoogleImageProxy)
156332314,2025-02-03T11:46:32.395Z,msurman@commons.ca,newsletter,everyone,true,US,,,,,,Mozilla/5.0 (Windows NT 5.1; rv:11.0) Gecko Firefox/11.0 (via ggpht.com GoogleImageProxy)
156332314,2025-02-03T11:46:48.611Z,hzbradley@rogers.com,newsletter,everyone,true,CA,,,,,,Mozilla/5.0
156332314,2025-02-03T11:46:49.795Z,tim@timmerritt.net,newsletter,everyone,true,US,,,,,,Mozilla/5.0
156332314,2025-02-03T11:47:13.041Z,kippkuchera@gmail.com,newsletter,everyone,true,CA,,,,,,Mozilla/5.0
156332314,2025-02-03T11:48:14.571Z,msurman@commons.ca,newsletter,everyone,true,US,,,,,,Mozilla/5.0 (Windows NT 5.1; rv:11.0) Gecko Firefox/11.0 (via ggpht.com GoogleImageProxy)
156332314,2025-02-03T11:48:14.668Z,msurman@commons.ca,newsletter,everyone,true,US,,,,,,Mozilla/5.0 (Windows NT 5.1; rv:11.0) Gecko Firefox/11.0 (via ggpht.com GoogleImageProxy)
156332314,2025-02-03T11:48:15.604Z,msurman@commons.ca,newsletter,everyone,true,US,,,,,,Mozilla/5.0 (Windows NT 5.1; rv:11.0) Gecko Firefox/11.0 (via ggpht.com GoogleImageProxy)
156332314,2025-02-03T11:48:19.318Z,metaviews@gmail.com,newsletter,everyone,true,US,,,,,,Mozilla/5.0 (Windows NT 5.1; rv:11.0) Gecko Firefox/11.0 (via ggpht.com GoogleImageProxy)
156332314,2025-02-03T11:48:33.795Z,stowe.boyd@gmail.com,newsletter,everyone,true,US,,,,,,Mozilla/5.0
156332314,2025-02-03T11:48:42.681Z,gsiiskonen@hotmail.com,newsletter,everyone,true,CA,,,,,,Mozilla/5.0
156332314,2025-02-03T11:48:48.265Z,matt.e.jackson@gmail.com,newsletter,everyone,true,US,,,,,,Mozilla/5.0 (Windows NT 5.1; rv:11.0) Gecko Firefox/11.0 (via ggpht.com GoogleImageProxy)
156332314,2025-02-03T11:49:32.000Z,bill.fox@bell.net,newsletter,everyone,true,NL,,,,,,Mozilla/5.0
156332314,2025-02-03T11:49:39.963Z,msurman@commons.ca,newsletter,everyone,true,CA,,,,,,Mozilla/5.0
156332314,2025-02-03T11:50:18.886Z,andrew@comprotec.com,newsletter,everyone,true,BM,,,,,,Mozilla/5.0
156332314,2025-02-03T11:51:18.639Z,gdavisca@gmail.com,newsletter,everyone,true,US,,,,,,Mozilla/5.0
156332314,2025-02-03T11:51:25.711Z,heymannyg@gmail.com,newsletter,everyone,true,CA,,,,,,Mozilla/5.0
156332314,2025-02-03T11:51:34.465Z,alexandre@digitalbudgieproductions.com,newsletter,everyone,true,CA,,,,,,"Mozilla/5.0 (Linux; Android 12; SM-N975W Build/SP1A.210812.016; wv) AppleWebKit/537.36 (KHTML, like Gecko) Version/4.0 Chrome/132.0.6834.122 Mobile Safari/537.36"
156332314,2025-02-03T11:51:34.530Z,alexandre@digitalbudgieproductions.com,newsletter,everyone,true,CA,,,,,,"Mozilla/5.0 (Linux; Android 12; SM-N975W Build/SP1A.210812.016; wv) AppleWebKit/537.36 (KHTML, like Gecko) Version/4.0 Chrome/132.0.6834.122 Mobile Safari/537.36"
156332314,2025-02-03T11:51:35.049Z,alexandre@digitalbudgieproductions.com,newsletter,everyone,true,CA,,,,,,"Mozilla/5.0 (Linux; Android 12; SM-N975W Build/SP1A.210812.016; wv) AppleWebKit/537.36 (KHTML, like Gecko) Version/4.0 Chrome/132.0.6834.122 Mobile Safari/537.36"
156332314,2025-02-03T11:51:54.972Z,david@openflows.net,newsletter,everyone,true,US,,,,,,Mozilla/5.0 (Windows NT 5.1; rv:11.0) Gecko Firefox/11.0 (via ggpht.com GoogleImageProxy)
156332314,2025-02-03T11:52:00.844Z,david@openflows.net,newsletter,everyone,true,US,,,,,,Mozilla/5.0 (Windows NT 5.1; rv:11.0) Gecko Firefox/11.0 (via ggpht.com GoogleImageProxy)
156332314,2025-02-03T11:52:10.882Z,mary.frances.pickett@gmail.com,newsletter,everyone,true,US,,,,,,Mozilla/5.0 (Windows NT 5.1; rv:11.0) Gecko Firefox/11.0 (via ggpht.com GoogleImageProxy)
156332314,2025-02-03T11:52:31.865Z,myra@kressnerstrategygroup.com,newsletter,everyone,false,US,,,,,,Mozilla/5.0
156332314,2025-02-03T11:52:34.919Z,Peter@masslbp.com,newsletter,everyone,true,CA,,,,,,Mozilla/5.0
156332314,2025-02-03T11:52:51.149Z,pribrami@gmail.com,newsletter,everyone,true,US,,,,,,Mozilla/5.0 (Windows NT 5.1; rv:11.0) Gecko Firefox/11.0 (via ggpht.com GoogleImageProxy)
156332314,2025-02-03T11:53:48.269Z,d.wershler@concordia.ca,newsletter,everyone,true,CA,,,,,,Mozilla/5.0
156332314,2025-02-03T11:54:07.707Z,zena@zreyas.ca,newsletter,everyone,true,CA,,,,,,Mozilla/5.0
156332314,2025-02-03T11:54:19.541Z,matthew.david.legg@gmail.com,newsletter,everyone,true,US,,,,,,Mozilla/5.0 (Windows NT 5.1; rv:11.0) Gecko Firefox/11.0 (via ggpht.com GoogleImageProxy)
156332314,2025-02-03T11:55:11.992Z,bradley.mcgregor@gmail.com,newsletter,everyone,true,US,,,,,,Mozilla/5.0 (Windows NT 5.1; rv:11.0) Gecko Firefox/11.0 (via ggpht.com GoogleImageProxy)
156332314,2025-02-03T11:55:12.056Z,phylhuff@gmail.com,newsletter,everyone,true,US,,,,,,Mozilla/5.0 (Windows NT 5.1; rv:11.0) Gecko Firefox/11.0 (via ggpht.com GoogleImageProxy)
156332314,2025-02-03T11:55:13.310Z,efcca472-3c79-4526-aaca-a9c1d37e2963@deletion-request.substack.com,newsletter,everyone,true,US,,,,,,"Mozilla/5.0 (iPhone; CPU iPhone OS 18_1_1 like Mac OS X) AppleWebKit/605.1.15 (KHTML, like Gecko) Mobile/15E148"
156332314,2025-02-03T11:55:13.388Z,efcca472-3c79-4526-aaca-a9c1d37e2963@deletion-request.substack.com,newsletter,everyone,true,US,,,,,,"Mozilla/5.0 (iPhone; CPU iPhone OS 18_1_1 like Mac OS X) AppleWebKit/605.1.15 (KHTML, like Gecko) Mobile/15E148"
156332314,2025-02-03T11:55:19.585Z,chris@no-media.co,newsletter,everyone,true,CA,,,,,,Mozilla/5.0
156332314,2025-02-03T11:56:06.273Z,trisar@gmail.com,newsletter,everyone,true,CO,,,,,,Mozilla/5.0
156332314,2025-02-03T11:56:12.465Z,acziraky@gmail.com,newsletter,everyone,true,US,,,,,,Mozilla/5.0 (Windows NT 5.1; rv:11.0) Gecko Firefox/11.0 (via ggpht.com GoogleImageProxy)
156332314,2025-02-03T11:56:58.752Z,zain729@gmail.com,newsletter,everyone,true,US,,,,,,Mozilla/5.0 (Windows NT 5.1; rv:11.0) Gecko Firefox/11.0 (via ggpht.com GoogleImageProxy)
156332314,2025-02-03T11:59:49.072Z,rsmilski@gmail.com,newsletter,everyone,true,US,,,,,,Mozilla/5.0 (Windows NT 5.1; rv:11.0) Gecko Firefox/11.0 (via ggpht.com GoogleImageProxy)
156332314,2025-02-03T12:00:23.223Z,judith.l.bishop@gmail.com,newsletter,everyone,true,CA,,,,,,Mozilla/5.0
156332314,2025-02-03T12:01:22.662Z,belyeaadam@gmail.com,newsletter,everyone,true,US,,,,,,Mozilla/5.0 (Windows NT 5.1; rv:11.0) Gecko Firefox/11.0 (via ggpht.com GoogleImageProxy)
156332314,2025-02-03T12:01:59.483Z,andrew@hyfen.net,newsletter,everyone,true,US,,,,,,Mozilla/5.0 (Windows NT 5.1; rv:11.0) Gecko Firefox/11.0 (via ggpht.com GoogleImageProxy)
156332314,2025-02-03T12:02:34.121Z,Jmpheinke@gmail.com,newsletter,everyone,true,CA,,,,,,Mozilla/5.0
156332314,2025-02-03T12:03:35.546Z,penny.smith54@gmail.com,newsletter,everyone,true,CA,,,,,,Mozilla/5.0
156332314,2025-02-03T12:04:53.987Z,sherida@openflows.net,newsletter,everyone,true,US,,,,,,Mozilla/5.0 (Windows NT 5.1; rv:11.0) Gecko Firefox/11.0 (via ggpht.com GoogleImageProxy)
156332314,2025-02-03T12:06:06.836Z,geoffgraves15@yahoo.ca,newsletter,everyone,true,CA,,,,,,Mozilla/5.0
156332314,2025-02-03T12:06:55.408Z,librarygeek@gmail.com,newsletter,everyone,true,US,,,,,,Mozilla/5.0 (Windows NT 5.1; rv:11.0) Gecko Firefox/11.0 (via ggpht.com GoogleImageProxy)
156332314,2025-02-03T12:06:56.438Z,ryan@ryanprice.net,newsletter,everyone,true,US,,,,,,Mozilla/5.0 (Windows NT 5.1; rv:11.0) Gecko Firefox/11.0 (via ggpht.com GoogleImageProxy)
156332314,2025-02-03T12:07:03.184Z,asedlins@gmail.com,newsletter,everyone,true,AU,,,,,,Mozilla/5.0
156332314,2025-02-03T12:07:16.764Z,howejane495@gmail.com,newsletter,everyone,true,US,,,,,,Mozilla/5.0 (Windows NT 5.1; rv:11.0) Gecko Firefox/11.0 (via ggpht.com GoogleImageProxy)
156332314,2025-02-03T12:07:38.368Z,z_dempster@hotmail.com,newsletter,everyone,true,CA,,,,,,Mozilla/5.0
156332314,2025-02-03T12:09:04.105Z,1200bill@gmail.com,newsletter,everyone,true,CA,,,,,,Mozilla/5.0
156332314,2025-02-03T12:09:26.514Z,phylhuff@gmail.com,newsletter,everyone,true,US,,,,,,Mozilla/5.0 (Windows NT 5.1; rv:11.0) Gecko Firefox/11.0 (via ggpht.com GoogleImageProxy)
156332314,2025-02-03T12:09:26.640Z,phylhuff@gmail.com,newsletter,everyone,true,US,,,,,,Mozilla/5.0 (Windows NT 5.1; rv:11.0) Gecko Firefox/11.0 (via ggpht.com GoogleImageProxy)
156332314,2025-02-03T12:10:57.079Z,eric.gregory@gregorycomputer.ca,newsletter,everyone,true,US,,,,,,Mozilla/5.0 (Windows NT 5.1; rv:11.0) Gecko Firefox/11.0 (via ggpht.com GoogleImageProxy)
156332314,2025-02-03T12:11:05.764Z,bourne.ae@gmail.com,newsletter,everyone,true,US,,,,,,Mozilla/5.0 (Windows NT 5.1; rv:11.0) Gecko Firefox/11.0 (via ggpht.com GoogleImageProxy)
156332314,2025-02-03T12:11:10.420Z,eric.gregory@gregorycomputer.ca,newsletter,everyone,true,US,,,,,,Mozilla/5.0 (Windows NT 5.1; rv:11.0) Gecko Firefox/11.0 (via ggpht.com GoogleImageProxy)
156332314,2025-02-03T12:11:42.075Z,eric.gregory@gregorycomputer.ca,newsletter,everyone,true,US,,,,,,Mozilla/5.0 (Windows NT 5.1; rv:11.0) Gecko Firefox/11.0 (via ggpht.com GoogleImageProxy)
156332314,2025-02-03T12:11:49.527Z,johncollins451@gmail.com,newsletter,everyone,true,US,,,,,,Mozilla/5.0
156332314,2025-02-03T12:12:04.147Z,eric.gregory@gregorycomputer.ca,newsletter,everyone,true,US,,,,,,Mozilla/5.0 (Windows NT 5.1; rv:11.0) Gecko Firefox/11.0 (via ggpht.com GoogleImageProxy)
156332314,2025-02-03T12:12:12.261Z,mcduncanus@gmail.com,newsletter,everyone,true,US,,,,,,Mozilla/5.0 (Windows NT 5.1; rv:11.0) Gecko Firefox/11.0 (via ggpht.com GoogleImageProxy)
156332314,2025-02-03T12:13:20.509Z,peter@zatloukal.com,newsletter,everyone,true,US,,,,,,Mozilla/5.0
156332314,2025-02-03T12:14:09.885Z,tim@timmerritt.net,newsletter,everyone,true,US,,,,,,Mozilla/5.0
156332314,2025-02-03T12:14:46.017Z,theodore@theodorefox.com,newsletter,everyone,true,US,,,,,,Mozilla/5.0 (Windows NT 5.1; rv:11.0) Gecko Firefox/11.0 (via ggpht.com GoogleImageProxy)
156332314,2025-02-03T12:14:47.987Z,mcduncanus@gmail.com,newsletter,everyone,true,US,,,,,,Mozilla/5.0 (Windows NT 5.1; rv:11.0) Gecko Firefox/11.0 (via ggpht.com GoogleImageProxy)
156332314,2025-02-03T12:16:18.686Z,cal.marcoux@gmail.com,newsletter,everyone,true,CA,,,,,,Mozilla/5.0
156332314,2025-02-03T12:16:32.964Z,ruthjanuary@gmail.com,newsletter,everyone,true,CA,,,,,,Mozilla/5.0
156332314,2025-02-03T12:16:38.065Z,piersonjosh@icloud.com,newsletter,everyone,true,US,,,,,,Mozilla/5.0
156332314,2025-02-03T12:17:27.376Z,mcduncanus@gmail.com,newsletter,everyone,true,US,,,,,,Mozilla/5.0 (Windows NT 5.1; rv:11.0) Gecko Firefox/11.0 (via ggpht.com GoogleImageProxy)
156332314,2025-02-03T12:17:33.585Z,tim@timmerritt.net,newsletter,everyone,true,US,,,,,,Mozilla/5.0
156332314,2025-02-03T12:18:26.044Z,cx.quaresma@gmail.com,newsletter,everyone,true,CA,,,,,,Mozilla/5.0
156332314,2025-02-03T12:18:43.249Z,Unfunnyjosh@gmail.com,newsletter,everyone,true,CA,,,,,,Mozilla/5.0
156332314,2025-02-03T12:20:11.498Z,xyztal@gmail.com,newsletter,everyone,true,US,,,,,,Mozilla/5.0 (Windows NT 5.1; rv:11.0) Gecko Firefox/11.0 (via ggpht.com GoogleImageProxy)
156332314,2025-02-03T12:20:11.625Z,msmesley@gmail.com,newsletter,everyone,true,CA,,,,,,Mozilla/5.0
156332314,2025-02-03T12:20:54.261Z,lesliecatej@gmail.com,newsletter,everyone,true,US,,,,,,Mozilla/5.0 (Windows NT 5.1; rv:11.0) Gecko Firefox/11.0 (via ggpht.com GoogleImageProxy)
156332314,2025-02-03T12:22:07.694Z,jeffrey.herrle@gmail.com,newsletter,everyone,false,US,,,,,,Mozilla/5.0 (Windows NT 5.1; rv:11.0) Gecko Firefox/11.0 (via ggpht.com GoogleImageProxy)
156332314,2025-02-03T12:22:36.311Z,poppybalser@gmail.com,newsletter,everyone,true,US,,,,,,Mozilla/5.0 (Windows NT 5.1; rv:11.0) Gecko Firefox/11.0 (via ggpht.com GoogleImageProxy)
156332314,2025-02-03T12:23:04.387Z,stuart@cannonspark.ca,newsletter,everyone,true,CA,,,,,,Mozilla/5.0
156332314,2025-02-03T12:23:22.084Z,nick.h.tang@gmail.com,newsletter,everyone,true,CA,,,,,,Mozilla/5.0
156332314,2025-02-03T12:25:09.139Z,debora.daigle@sympatico.ca,newsletter,everyone,true,CA,,,,,,Mozilla/5.0
156332314,2025-02-03T12:26:52.154Z,skok.david@gmail.com,newsletter,everyone,true,US,,,,,,Mozilla/5.0 (Windows NT 5.1; rv:11.0) Gecko Firefox/11.0 (via ggpht.com GoogleImageProxy)
156332314,2025-02-03T12:27:10.770Z,acziraky@gmail.com,newsletter,everyone,true,US,,,,,,Mozilla/5.0 (Windows NT 5.1; rv:11.0) Gecko Firefox/11.0 (via ggpht.com GoogleImageProxy)
156332314,2025-02-03T12:28:43.314Z,warcus@rogers.com,newsletter,everyone,true,CA,,,,,,Mozilla/5.0
156332314,2025-02-03T12:29:16.607Z,ploring@gmail.com,newsletter,everyone,true,US,,,,,,Mozilla/5.0
156332314,2025-02-03T12:30:20.435Z,michaeldentandt@gmail.com,newsletter,everyone,true,US,,,,,,Mozilla/5.0 (Windows NT 5.1; rv:11.0) Gecko Firefox/11.0 (via ggpht.com GoogleImageProxy)
156332314,2025-02-03T12:32:54.676Z,Ellenhayes24@gmail.com,newsletter,everyone,true,CA,,,,,,Mozilla/5.0
156332314,2025-02-03T12:33:08.760Z,roberthbartlett@yahoo.ca,newsletter,everyone,true,CA,,,,,,Mozilla/5.0
156332314,2025-02-03T12:34:30.854Z,angie.hains@gmail.com,newsletter,everyone,true,CA,,,,,,Mozilla/5.0
156332314,2025-02-03T12:35:07.643Z,mikeklages@gmail.com,newsletter,everyone,true,CA,,,,,,Mozilla/5.0
156332314,2025-02-03T12:36:01.219Z,jdsalzman@gmail.com,newsletter,everyone,true,MX,,,,,,Mozilla/5.0
156332314,2025-02-03T12:36:10.174Z,zakcross@shaw.ca,newsletter,everyone,true,CA,,,,,,Mozilla/5.0
156332314,2025-02-03T12:36:30.535Z,hodgemichaelj@gmail.com,newsletter,everyone,true,US,,,,,,Mozilla/5.0 (Windows NT 5.1; rv:11.0) Gecko Firefox/11.0 (via ggpht.com GoogleImageProxy)
156332314,2025-02-03T12:36:39.966Z,hodgemichaelj@gmail.com,newsletter,everyone,true,US,,,,,,Mozilla/5.0 (Windows NT 5.1; rv:11.0) Gecko Firefox/11.0 (via ggpht.com GoogleImageProxy)
156332314,2025-02-03T12:37:32.540Z,nlstrumpf@gmail.com,newsletter,everyone,true,US,,,,,,Mozilla/5.0 (Windows NT 5.1; rv:11.0) Gecko Firefox/11.0 (via ggpht.com GoogleImageProxy)
156332314,2025-02-03T12:38:51.741Z,nick.mccabe.lokos@cbc.ca,newsletter,everyone,true,US,,,,,,Mozilla/5.0 (Windows NT 5.1; rv:11.0) Gecko Firefox/11.0 (via ggpht.com GoogleImageProxy)
156332314,2025-02-03T12:40:17.966Z,nlstrumpf@gmail.com,newsletter,everyone,true,US,,,,,,Mozilla/5.0 (Windows NT 5.1; rv:11.0) Gecko Firefox/11.0 (via ggpht.com GoogleImageProxy)
156332314,2025-02-03T12:40:56.116Z,rsalutin@gmail.com,newsletter,everyone,false,CA,,,,,,Mozilla/5.0
156332314,2025-02-03T12:41:31.595Z,jacob.sheen@stjoseph.com,newsletter,everyone,true,US,,,,,,Mozilla/5.0 (Windows NT 5.1; rv:11.0) Gecko Firefox/11.0 (via ggpht.com GoogleImageProxy)
156332314,2025-02-03T12:42:08.070Z,sherida@openflows.net,newsletter,everyone,true,US,,,,,,Mozilla/5.0 (Windows NT 5.1; rv:11.0) Gecko Firefox/11.0 (via ggpht.com GoogleImageProxy)
156332314,2025-02-03T12:45:19.541Z,jacob.sheen@stjoseph.com,newsletter,everyone,true,US,,,,,,Mozilla/5.0 (Windows NT 5.1; rv:11.0) Gecko Firefox/11.0 (via ggpht.com GoogleImageProxy)
156332314,2025-02-03T12:45:51.646Z,sherida@openflows.net,newsletter,everyone,true,US,,,,,,Mozilla/5.0 (Windows NT 5.1; rv:11.0) Gecko Firefox/11.0 (via ggpht.com GoogleImageProxy)
156332314,2025-02-03T12:47:10.710Z,zain729@gmail.com,newsletter,everyone,true,US,,,,,,Mozilla/5.0 (Windows NT 5.1; rv:11.0) Gecko Firefox/11.0 (via ggpht.com GoogleImageProxy)
156332314,2025-02-03T12:48:01.046Z,junk@aminacorp.ca,newsletter,everyone,true,CA,,,,,,Mozilla/5.0
156332314,2025-02-03T12:48:19.883Z,jrrtole5@outlook.com,newsletter,everyone,true,CA,,,,,,Mozilla/5.0
156332314,2025-02-03T12:50:21.752Z,youcanreachsarahjane@gmail.com,newsletter,everyone,true,CA,,,,,,Mozilla/5.0
156332314,2025-02-03T12:50:30.802Z,eric.gregory@gregorycomputer.ca,newsletter,everyone,true,US,,,,,,Mozilla/5.0 (Windows NT 5.1; rv:11.0) Gecko Firefox/11.0 (via ggpht.com GoogleImageProxy)
156332314,2025-02-03T12:52:05.257Z,stephanie.vanegmond@gmail.com,newsletter,everyone,true,CA,,,,,,Mozilla/5.0
156332314,2025-02-03T12:52:14.499Z,howejane495@gmail.com,newsletter,everyone,true,US,,,,,,Mozilla/5.0 (Windows NT 5.1; rv:11.0) Gecko Firefox/11.0 (via ggpht.com GoogleImageProxy)
156332314,2025-02-03T12:52:32.545Z,rea.mcnamara@gmail.com,newsletter,everyone,true,CA,,,,,,Mozilla/5.0
156332314,2025-02-03T12:54:56.973Z,Zenraptorml@gmail.com,newsletter,everyone,true,US,,,,,,Mozilla/5.0
156332314,2025-02-03T12:55:09.970Z,martin.bohl@brampton.ca,newsletter,everyone,true,CA,,,,,,Mozilla/4.0 (compatible; ms-office; MSOffice 16)
156332314,2025-02-03T12:55:50.042Z,clounsbury@cogeco.ca,newsletter,everyone,true,CA,,,,,,Mozilla/5.0 (Windows NT 10.0; Win64; x64; rv:128.0) Gecko/20100101 Thunderbird/128.6.0
156332314,2025-02-03T12:57:14.439Z,marjonneke.grech@gmail.com,newsletter,everyone,true,US,,,,,,Mozilla/5.0 (Windows NT 5.1; rv:11.0) Gecko Firefox/11.0 (via ggpht.com GoogleImageProxy)
156332314,2025-02-03T12:57:17.523Z,marjonneke.grech@gmail.com,newsletter,everyone,true,US,,,,,,Mozilla/5.0 (Windows NT 5.1; rv:11.0) Gecko Firefox/11.0 (via ggpht.com GoogleImageProxy)
156332314,2025-02-03T12:57:42.491Z,peterdgooch@gmail.com,newsletter,everyone,true,CA,,,,,,Mozilla/5.0
156332314,2025-02-03T12:59:21.718Z,neve@amolino.com,newsletter,everyone,true,CA,,,,,,Mozilla/5.0
156332314,2025-02-03T12:59:36.779Z,marjonneke.grech@gmail.com,newsletter,everyone,true,US,,,,,,Mozilla/5.0 (Windows NT 5.1; rv:11.0) Gecko Firefox/11.0 (via ggpht.com GoogleImageProxy)
156332314,2025-02-03T12:59:41.449Z,thecluett@gmail.com,newsletter,everyone,true,US,,,,,,Mozilla/5.0 (Windows NT 5.1; rv:11.0) Gecko Firefox/11.0 (via ggpht.com GoogleImageProxy)
156332314,2025-02-03T13:00:14.970Z,marjonneke.grech@gmail.com,newsletter,everyone,true,US,,,,,,Mozilla/5.0 (Windows NT 5.1; rv:11.0) Gecko Firefox/11.0 (via ggpht.com GoogleImageProxy)
156332314,2025-02-03T13:00:27.574Z,thecluett@gmail.com,newsletter,everyone,true,US,,,,,,Mozilla/5.0 (Windows NT 5.1; rv:11.0) Gecko Firefox/11.0 (via ggpht.com GoogleImageProxy)
156332314,2025-02-03T13:01:01.574Z,jeffrey.herrle@gmail.com,newsletter,everyone,false,US,,,,,,Mozilla/5.0 (Windows NT 5.1; rv:11.0) Gecko Firefox/11.0 (via ggpht.com GoogleImageProxy)
156332314,2025-02-03T13:02:26.476Z,a383d786-7fe6-47b6-8ddc-d3a1f88562e3@deletion-request.substack.com,newsletter,everyone,true,CA,,,,,,Mozilla/4.0 (compatible; ms-office; MSOffice 16)
156332314,2025-02-03T13:02:39.221Z,brooks.cappadocia@gmail.com,newsletter,everyone,true,US,,,,,,Mozilla/5.0 (Windows NT 5.1; rv:11.0) Gecko Firefox/11.0 (via ggpht.com GoogleImageProxy)
156332314,2025-02-03T13:03:34.612Z,tonyhalmos@yahoo.ca,newsletter,everyone,true,CA,,,,,,Mozilla/5.0
156332314,2025-02-03T13:04:42.845Z,michael@ajah.ca,newsletter,everyone,true,US,,,,,,Mozilla/5.0 (Windows NT 5.1; rv:11.0) Gecko Firefox/11.0 (via ggpht.com GoogleImageProxy)
156332314,2025-02-03T13:04:53.990Z,jford@daac.ca,newsletter,everyone,true,CA,,,,,,"Mozilla/5.0 (Linux; Android 14; SM-S916W Build/UP1A.231005.007; wv) AppleWebKit/537.36 (KHTML, like Gecko) Version/4.0 Chrome/132.0.6834.163 Mobile Safari/537.36"
156332314,2025-02-03T13:11:11.782Z,belyeaadam@gmail.com,newsletter,everyone,true,US,,,,,,Mozilla/5.0 (Windows NT 5.1; rv:11.0) Gecko Firefox/11.0 (via ggpht.com GoogleImageProxy)
156332314,2025-02-03T13:12:53.414Z,kate_haro@yahoo.com,newsletter,everyone,true,CA,,,,,,Mozilla/5.0
156332314,2025-02-03T13:14:01.290Z,mariann.hibbard@gmail.com,newsletter,everyone,true,US,,,,,,Mozilla/5.0 (Windows NT 5.1; rv:11.0) Gecko Firefox/11.0 (via ggpht.com GoogleImageProxy)
156332314,2025-02-03T13:16:35.246Z,tboyce1240@gmail.com,newsletter,everyone,true,CA,,,,,,Mozilla/5.0
156332314,2025-02-03T13:17:36.394Z,jonathanrshell@gmail.com,newsletter,everyone,true,US,,,,,,Mozilla/5.0 (Windows NT 5.1; rv:11.0) Gecko Firefox/11.0 (via ggpht.com GoogleImageProxy)
156332314,2025-02-03T13:18:09.167Z,marjonneke.grech@gmail.com,newsletter,everyone,true,US,,,,,,Mozilla/5.0 (Windows NT 5.1; rv:11.0) Gecko Firefox/11.0 (via ggpht.com GoogleImageProxy)
156332314,2025-02-03T13:18:17.753Z,bonnie.brownlee@gmail.com,newsletter,everyone,true,US,,,,,,Mozilla/5.0 (Windows NT 5.1; rv:11.0) Gecko Firefox/11.0 (via ggpht.com GoogleImageProxy)
156332314,2025-02-03T13:18:43.529Z,marjonneke.grech@gmail.com,newsletter,everyone,true,US,,,,,,Mozilla/5.0 (Windows NT 5.1; rv:11.0) Gecko Firefox/11.0 (via ggpht.com GoogleImageProxy)
156332314,2025-02-03T13:18:47.495Z,marjonneke.grech@gmail.com,newsletter,everyone,true,US,,,,,,Mozilla/5.0 (Windows NT 5.1; rv:11.0) Gecko Firefox/11.0 (via ggpht.com GoogleImageProxy)
156332314,2025-02-03T13:19:47.597Z,marjonneke.grech@gmail.com,newsletter,everyone,true,US,,,,,,Mozilla/5.0 (Windows NT 5.1; rv:11.0) Gecko Firefox/11.0 (via ggpht.com GoogleImageProxy)
156332314,2025-02-03T13:21:42.751Z,mariann.hibbard@gmail.com,newsletter,everyone,true,US,,,,,,Mozilla/5.0 (Windows NT 5.1; rv:11.0) Gecko Firefox/11.0 (via ggpht.com GoogleImageProxy)
156332314,2025-02-03T13:24:47.077Z,mariann.hibbard@gmail.com,newsletter,everyone,true,US,,,,,,Mozilla/5.0 (Windows NT 5.1; rv:11.0) Gecko Firefox/11.0 (via ggpht.com GoogleImageProxy)
156332314,2025-02-03T13:25:49.883Z,mariann.hibbard@gmail.com,newsletter,everyone,true,US,,,,,,Mozilla/5.0 (Windows NT 5.1; rv:11.0) Gecko Firefox/11.0 (via ggpht.com GoogleImageProxy)
156332314,2025-02-03T13:25:59.624Z,jp@jpss.ca,newsletter,everyone,true,CA,,,,,,Mozilla/5.0
156332314,2025-02-03T13:26:28.112Z,mwnorman@gmail.com,newsletter,everyone,true,US,,,,,,Mozilla/5.0 (Windows NT 5.1; rv:11.0) Gecko Firefox/11.0 (via ggpht.com GoogleImageProxy)
156332314,2025-02-03T13:28:30.916Z,Peter@masslbp.com,newsletter,everyone,true,CA,,,,,,Mozilla/5.0
156332314,2025-02-03T13:29:27.809Z,steven.may@humber.ca,newsletter,everyone,true,CA,,,,,,"Mozilla/5.0 (Macintosh; Intel Mac OS X 10_15_7) AppleWebKit/537.36 (KHTML, like Gecko) Chrome/123.0.0.0 Safari/537.36"
156332314,2025-02-03T13:29:31.576Z,68880874-db7f-402d-8076-fea77047b91e@deletion-request.substack.com,newsletter,everyone,true,US,,,,,,Mozilla/5.0 (Windows NT 5.1; rv:11.0) Gecko Firefox/11.0 (via ggpht.com GoogleImageProxy)
156332314,2025-02-03T13:30:53.303Z,steven.may@humber.ca,newsletter,everyone,true,CA,,,,,,"Mozilla/5.0 (Macintosh; Intel Mac OS X 10_15_7) AppleWebKit/537.36 (KHTML, like Gecko) Chrome/123.0.0.0 Safari/537.36"
156332314,2025-02-03T13:32:11.636Z,pmcinnis@stfx.ca,newsletter,everyone,true,CA,,,,,,"Mozilla/5.0 (Macintosh; Intel Mac OS X 10_15_7) AppleWebKit/605.1.15 (KHTML, like Gecko)"
156332314,2025-02-03T13:32:32.293Z,librarygeek@gmail.com,newsletter,everyone,true,CA,,,,,,Mozilla/5.0
156332314,2025-02-03T13:36:12.902Z,rsmilski@gmail.com,newsletter,everyone,true,US,,,,,,Mozilla/5.0 (Windows NT 5.1; rv:11.0) Gecko Firefox/11.0 (via ggpht.com GoogleImageProxy)
156332314,2025-02-03T13:43:50.115Z,alicedawkins.au@gmail.com,newsletter,everyone,true,US,,,,,,Mozilla/5.0 (Windows NT 5.1; rv:11.0) Gecko Firefox/11.0 (via ggpht.com GoogleImageProxy)
156332314,2025-02-03T13:44:14.784Z,jenna@misener.org,newsletter,everyone,true,US,,,,,,Mozilla/5.0 (Windows NT 5.1; rv:11.0) Gecko Firefox/11.0 (via ggpht.com GoogleImageProxy)
156332314,2025-02-03T13:47:10.325Z,oke.chris@gmail.com,newsletter,everyone,true,US,,,,,,Mozilla/5.0 (Windows NT 5.1; rv:11.0) Gecko Firefox/11.0 (via ggpht.com GoogleImageProxy)
156332314,2025-02-03T13:47:13.315Z,oke.chris@gmail.com,newsletter,everyone,true,US,,,,,,Mozilla/5.0 (Windows NT 5.1; rv:11.0) Gecko Firefox/11.0 (via ggpht.com GoogleImageProxy)
156332314,2025-02-03T13:50:35.082Z,rhydomako@gmail.com,newsletter,everyone,true,US,,,,,,Mozilla/5.0 (Windows NT 5.1; rv:11.0) Gecko Firefox/11.0 (via ggpht.com GoogleImageProxy)
156332314,2025-02-03T13:50:50.241Z,jsanhueza99@gmail.com,newsletter,everyone,true,CA,,,,,,Mozilla/5.0
156332314,2025-02-03T13:50:53.088Z,jennifer.barrigar@canada.ca,newsletter,everyone,true,CA,,,,,,Mozilla/4.0 (compatible; ms-office; MSOffice 16)
156332314,2025-02-03T13:50:55.070Z,jennifer.barrigar@canada.ca,newsletter,everyone,true,CA,,,,,,Mozilla/4.0 (compatible; ms-office; MSOffice 16)
156332314,2025-02-03T13:51:10.795Z,tedharrison@hotmail.com,newsletter,everyone,true,CA,,,,,,"Mozilla/5.0 (Windows NT 10.0; Win64; x64) AppleWebKit/537.36 (KHTML, like Gecko) Chrome/132.0.0.0 Safari/537.36 Edg/132.0.0.0"
156332314,2025-02-03T13:51:27.968Z,mariann.hibbard@gmail.com,newsletter,everyone,true,US,,,,,,Mozilla/5.0 (Windows NT 5.1; rv:11.0) Gecko Firefox/11.0 (via ggpht.com GoogleImageProxy)
156332314,2025-02-03T13:53:35.520Z,marjonneke.grech@gmail.com,newsletter,everyone,true,CA,,,,,,"Mozilla/5.0 (Linux; Android 15; Pixel 7 Pro Build/AP4A.250105.002; wv) AppleWebKit/537.36 (KHTML, like Gecko) Version/4.0 Chrome/132.0.6834.122 Mobile Safari/537.36"
156332314,2025-02-03T13:54:36.502Z,marjonneke.grech@gmail.com,newsletter,everyone,true,CA,,,,,,"Mozilla/5.0 (Linux; Android 15; Pixel 7 Pro Build/AP4A.250105.002; wv) AppleWebKit/537.36 (KHTML, like Gecko) Version/4.0 Chrome/132.0.6834.122 Mobile Safari/537.36"
156332314,2025-02-03T13:54:50.724Z,marjonneke.grech@gmail.com,newsletter,everyone,true,CA,,,,,,"Mozilla/5.0 (Linux; Android 15; Pixel 7 Pro Build/AP4A.250105.002; wv) AppleWebKit/537.36 (KHTML, like Gecko) Version/4.0 Chrome/132.0.6834.122 Mobile Safari/537.36"
156332314,2025-02-03T13:54:52.544Z,marjonneke.grech@gmail.com,newsletter,everyone,true,CA,,,,,,"Mozilla/5.0 (Linux; Android 15; Pixel 7 Pro Build/AP4A.250105.002; wv) AppleWebKit/537.36 (KHTML, like Gecko) Version/4.0 Chrome/132.0.6834.122 Mobile Safari/537.36"
156332314,2025-02-03T13:55:27.830Z,erika.r.ibrahim@gmail.com,newsletter,everyone,true,CA,,,,,,Mozilla/5.0
156332314,2025-02-03T13:56:03.658Z,stephanie.vanegmond@gmail.com,newsletter,everyone,true,CA,,,,,,Mozilla/5.0
156332314,2025-02-03T13:56:25.161Z,4e44879d-a148-4b32-8586-9b171d3fb47f@deletion-request.substack.com,newsletter,everyone,true,US,,,,,,Mozilla/5.0 (Windows NT 5.1; rv:11.0) Gecko Firefox/11.0 (via ggpht.com GoogleImageProxy)
156332314,2025-02-03T13:57:55.760Z,danmcco@gmx.com,newsletter,everyone,true,CA,,,,,,"Mozilla/5.0 (Windows NT 10.0; WOW64) AppleWebKit/537.36 (KHTML, like Gecko) Chrome/73.0.3683.75 Safari/537.36"
156332314,2025-02-03T13:58:11.236Z,heather.stonehouse@outlook.com,newsletter,everyone,true,CA,,,,,,Mozilla/5.0
156332314,2025-02-03T13:58:11.236Z,heather.stonehouse@outlook.com,newsletter,everyone,true,CA,,,,,,Mozilla/5.0
156332314,2025-02-03T14:03:18.168Z,junk@aminacorp.ca,newsletter,everyone,true,CA,,,,,,Mozilla/5.0
156332314,2025-02-03T14:05:04.239Z,kjfitzgeraldva@gmail.com,newsletter,everyone,true,US,,,,,,Mozilla/5.0 (Windows NT 5.1; rv:11.0) Gecko Firefox/11.0 (via ggpht.com GoogleImageProxy)
156332314,2025-02-03T14:05:13.473Z,mekapral@gmail.com,newsletter,everyone,true,CA,,,,,,Mozilla/5.0
156332314,2025-02-03T14:08:21.728Z,iozzo@sympatico.ca,newsletter,everyone,true,CA,,,,,,Mozilla/5.0
156332314,2025-02-03T14:11:49.260Z,monique.tschofen@gmail.com,newsletter,everyone,true,CA,,,,,,Mozilla/5.0
156332314,2025-02-03T14:13:29.498Z,dan@zackslaw.ca,newsletter,everyone,false,CA,,,,,,Mozilla/4.0 (compatible; ms-office; MSOffice 16)
156332314,2025-02-03T14:13:29.561Z,dan@zackslaw.ca,newsletter,everyone,false,CA,,,,,,Mozilla/4.0 (compatible; ms-office; MSOffice 16)
156332314,2025-02-03T14:16:12.364Z,quintero.i@gmail.com,newsletter,everyone,true,US,,,,,,Mozilla/5.0 (Windows NT 5.1; rv:11.0) Gecko Firefox/11.0 (via ggpht.com GoogleImageProxy)
156332314,2025-02-03T14:16:23.761Z,quintero.i@gmail.com,newsletter,everyone,true,US,,,,,,Mozilla/5.0 (Windows NT 5.1; rv:11.0) Gecko Firefox/11.0 (via ggpht.com GoogleImageProxy)
156332314,2025-02-03T14:16:35.737Z,jdlefebvre@gmail.com,newsletter,everyone,false,CA,,,,,,Mozilla/5.0
156332314,2025-02-03T14:16:47.499Z,serge@pyanykh.com,newsletter,everyone,true,CA,,,,,,Mozilla/5.0 (X11; Linux x86_64; rv:128.0) Gecko/20100101 Thunderbird/128.6.0
156332314,2025-02-03T14:17:03.596Z,danmcco@gmx.com,newsletter,everyone,true,CA,,,,,,Mozilla/5.0
156332314,2025-02-03T14:21:03.450Z,smarkan@gmail.com,newsletter,everyone,true,US,,,,,,Mozilla/5.0 (Windows NT 5.1; rv:11.0) Gecko Firefox/11.0 (via ggpht.com GoogleImageProxy)
156332314,2025-02-03T14:21:27.763Z,ferne.downey@afbs.ca,newsletter,everyone,true,CA,,,,,,Mozilla/5.0
156332314,2025-02-03T14:21:37.278Z,william@douglass.io,newsletter,everyone,true,US,,,,,,"Mozilla/5.0 (Macintosh; Intel Mac OS X 10_15_7) AppleWebKit/605.1.15 (KHTML, like Gecko)"
156332314,2025-02-03T14:23:45.241Z,raina.douris@gmail.com,newsletter,everyone,true,US,,,,,,Mozilla/5.0 (Windows NT 5.1; rv:11.0) Gecko Firefox/11.0 (via ggpht.com GoogleImageProxy)
156332314,2025-02-03T14:27:27.522Z,jbhirsh@gmail.com,newsletter,everyone,true,CA,,,,,,Mozilla/5.0
156332314,2025-02-03T14:29:46.836Z,rea.mcnamara@gmail.com,newsletter,everyone,true,US,,,,,,Mozilla/5.0 (Windows NT 5.1; rv:11.0) Gecko Firefox/11.0 (via ggpht.com GoogleImageProxy)
156332314,2025-02-03T14:30:16.727Z,rea.mcnamara@gmail.com,newsletter,everyone,true,US,,,,,,Mozilla/5.0 (Windows NT 5.1; rv:11.0) Gecko Firefox/11.0 (via ggpht.com GoogleImageProxy)
156332314,2025-02-03T14:30:17.994Z,steven.may@humber.ca,newsletter,everyone,true,CA,,,,,,"Mozilla/5.0 (Macintosh; Intel Mac OS X 10_15_7) AppleWebKit/537.36 (KHTML, like Gecko) Chrome/123.0.0.0 Safari/537.36"
156332314,2025-02-03T14:31:08.350Z,kathleenhunt246@gmail.com,newsletter,everyone,true,US,,,,,,Mozilla/5.0 (Windows NT 5.1; rv:11.0) Gecko Firefox/11.0 (via ggpht.com GoogleImageProxy)
156332314,2025-02-03T14:31:47.469Z,rea.mcnamara@gmail.com,newsletter,everyone,true,US,,,,,,Mozilla/5.0 (Windows NT 5.1; rv:11.0) Gecko Firefox/11.0 (via ggpht.com GoogleImageProxy)
156332314,2025-02-03T14:32:05.877Z,macrovert@gmail.com,newsletter,everyone,true,CA,,,,,,"Mozilla/5.0 (Macintosh; Intel Mac OS X 10_15_7) AppleWebKit/605.1.15 (KHTML, like Gecko)"
156332314,2025-02-03T14:32:37.461Z,kathleenhunt246@gmail.com,newsletter,everyone,true,US,,,,,,Mozilla/5.0 (Windows NT 5.1; rv:11.0) Gecko Firefox/11.0 (via ggpht.com GoogleImageProxy)
156332314,2025-02-03T14:32:57.362Z,marjonneke.grech@gmail.com,newsletter,everyone,true,CA,,,,,,Mozilla/4.0 (compatible; ms-office; MSOffice 16)
156332314,2025-02-03T14:34:35.621Z,m3diacy@gmail.com,newsletter,everyone,true,US,,,,,,Mozilla/5.0 (Windows NT 5.1; rv:11.0) Gecko Firefox/11.0 (via ggpht.com GoogleImageProxy)
156332314,2025-02-03T14:34:36.891Z,tim@timmerritt.net,newsletter,everyone,true,US,,,,,,Mozilla/5.0
156332314,2025-02-03T14:34:43.842Z,michael@ajah.ca,newsletter,everyone,true,US,,,,,,Mozilla/5.0 (Windows NT 5.1; rv:11.0) Gecko Firefox/11.0 (via ggpht.com GoogleImageProxy)
156332314,2025-02-03T14:34:44.159Z,michael@ajah.ca,newsletter,everyone,true,US,,,,,,Mozilla/5.0 (Windows NT 5.1; rv:11.0) Gecko Firefox/11.0 (via ggpht.com GoogleImageProxy)
156332314,2025-02-03T14:36:23.100Z,ds@dstroyer.ca,newsletter,everyone,true,CA,,,,,,Mozilla/5.0
156332314,2025-02-03T14:38:09.187Z,connie@broadcastdialogue.com,newsletter,everyone,true,US,,,,,,Mozilla/5.0 (Windows NT 5.1; rv:11.0) Gecko Firefox/11.0 (via ggpht.com GoogleImageProxy)
156332314,2025-02-03T14:38:15.789Z,william@douglass.io,newsletter,everyone,true,US,,,,,,"Mozilla/5.0 (Macintosh; Intel Mac OS X 10_15_7) AppleWebKit/605.1.15 (KHTML, like Gecko)"
156332314,2025-02-03T14:38:16.918Z,william@douglass.io,newsletter,everyone,true,US,,,,,,"Mozilla/5.0 (Macintosh; Intel Mac OS X 10_15_7) AppleWebKit/605.1.15 (KHTML, like Gecko)"
156332314,2025-02-03T14:38:43.308Z,mike@nuvujaq.ca,newsletter,everyone,true,CA,,,,,,"Mozilla/5.0 (iPhone; CPU iPhone OS 16_1 like Mac OS X) AppleWebKit/605.1.15 (KHTML, like Gecko) Mobile/15E148"
156332314,2025-02-03T14:38:43.310Z,mike@nuvujaq.ca,newsletter,everyone,true,CA,,,,,,"Mozilla/5.0 (iPhone; CPU iPhone OS 16_1 like Mac OS X) AppleWebKit/605.1.15 (KHTML, like Gecko) Mobile/15E148"
156332314,2025-02-03T14:40:10.612Z,oshea@telus.net,newsletter,everyone,true,CA,,,,,,Mozilla/5.0
156332314,2025-02-03T14:40:15.851Z,sherida@openflows.net,newsletter,everyone,true,CA,,,,,,Mozilla/5.0
156332314,2025-02-03T14:41:04.295Z,bill.fox@bell.net,newsletter,everyone,true,CA,,,,,,Mozilla/4.0 (compatible; ms-office; MSOffice 16)
156332314,2025-02-03T14:41:04.790Z,bill.fox@bell.net,newsletter,everyone,true,CA,,,,,,Mozilla/4.0 (compatible; ms-office; MSOffice 16)
156332314,2025-02-03T14:43:02.198Z,iakerrwil@gmail.com,newsletter,everyone,true,CA,,,,,,Mozilla/4.0 (compatible; ms-office; MSOffice 16)
156332314,2025-02-03T14:43:02.247Z,iakerrwil@gmail.com,newsletter,everyone,true,CA,,,,,,Mozilla/4.0 (compatible; ms-office; MSOffice 16)
156332314,2025-02-03T14:43:50.442Z,carcus@rogers.com,newsletter,everyone,true,CA,,,,,,Mozilla/5.0
156332314,2025-02-03T14:45:44.063Z,raina.douris@gmail.com,newsletter,everyone,true,US,,,,,,Mozilla/5.0
156332314,2025-02-03T14:46:05.566Z,dave@funtimeinternet.com,newsletter,everyone,true,US,,,,,,Mozilla/5.0 (Windows NT 5.1; rv:11.0) Gecko Firefox/11.0 (via ggpht.com GoogleImageProxy)
156332314,2025-02-03T14:46:30.316Z,mariann.hibbard@gmail.com,newsletter,everyone,true,US,,,,,,Mozilla/5.0 (Windows NT 5.1; rv:11.0) Gecko Firefox/11.0 (via ggpht.com GoogleImageProxy)
156332314,2025-02-03T14:48:06.985Z,Mdejong@torontomu.ca,newsletter,everyone,true,CA,,,,,,Mozilla/5.0
156332314,2025-02-03T14:50:56.684Z,rizikov8@gmail.com,newsletter,everyone,true,CA,,,,,,Mozilla/5.0
156332314,2025-02-03T14:53:47.625Z,jsaulay@afbs.ca,newsletter,everyone,true,CA,,,,,,Mozilla/5.0
156332314,2025-02-03T14:56:06.754Z,c.bennett@live.ca,newsletter,everyone,true,CA,,,,,,"Mozilla/5.0 (Windows NT 10.0; Win64; x64) AppleWebKit/537.36 (KHTML, like Gecko) Chrome/131.0.0.0 Safari/537.36"
156332314,2025-02-03T14:56:45.438Z,oke.chris@gmail.com,newsletter,everyone,true,CA,,,,,,Mozilla/5.0
156332314,2025-02-03T15:01:41.083Z,gmadden@gmail.com,newsletter,everyone,true,US,,,,,,Mozilla/5.0 (Windows NT 5.1; rv:11.0) Gecko Firefox/11.0 (via ggpht.com GoogleImageProxy)
156332314,2025-02-03T15:02:10.894Z,gmadden@gmail.com,newsletter,everyone,true,US,,,,,,Mozilla/5.0 (Windows NT 5.1; rv:11.0) Gecko Firefox/11.0 (via ggpht.com GoogleImageProxy)
156332314,2025-02-03T15:02:51.392Z,gmadden@gmail.com,newsletter,everyone,true,US,,,,,,Mozilla/5.0 (Windows NT 5.1; rv:11.0) Gecko Firefox/11.0 (via ggpht.com GoogleImageProxy)
156332314,2025-02-03T15:02:52.413Z,gmadden@gmail.com,newsletter,everyone,true,US,,,,,,Mozilla/5.0 (Windows NT 5.1; rv:11.0) Gecko Firefox/11.0 (via ggpht.com GoogleImageProxy)
156332314,2025-02-03T15:02:54.584Z,gmadden@gmail.com,newsletter,everyone,true,US,,,,,,Mozilla/5.0 (Windows NT 5.1; rv:11.0) Gecko Firefox/11.0 (via ggpht.com GoogleImageProxy)
156332314,2025-02-03T15:02:56.157Z,gmadden@gmail.com,newsletter,everyone,true,US,,,,,,Mozilla/5.0 (Windows NT 5.1; rv:11.0) Gecko Firefox/11.0 (via ggpht.com GoogleImageProxy)
156332314,2025-02-03T15:02:59.496Z,gmadden@gmail.com,newsletter,everyone,true,US,,,,,,Mozilla/5.0 (Windows NT 5.1; rv:11.0) Gecko Firefox/11.0 (via ggpht.com GoogleImageProxy)
156332314,2025-02-03T15:03:01.761Z,gmadden@gmail.com,newsletter,everyone,true,US,,,,,,Mozilla/5.0 (Windows NT 5.1; rv:11.0) Gecko Firefox/11.0 (via ggpht.com GoogleImageProxy)
156332314,2025-02-03T15:03:02.213Z,gmadden@gmail.com,newsletter,everyone,true,US,,,,,,Mozilla/5.0 (Windows NT 5.1; rv:11.0) Gecko Firefox/11.0 (via ggpht.com GoogleImageProxy)
156332314,2025-02-03T15:03:02.344Z,gmadden@gmail.com,newsletter,everyone,true,US,,,,,,Mozilla/5.0 (Windows NT 5.1; rv:11.0) Gecko Firefox/11.0 (via ggpht.com GoogleImageProxy)
156332314,2025-02-03T15:03:02.897Z,gmadden@gmail.com,newsletter,everyone,true,US,,,,,,Mozilla/5.0 (Windows NT 5.1; rv:11.0) Gecko Firefox/11.0 (via ggpht.com GoogleImageProxy)
156332314,2025-02-03T15:03:03.372Z,gmadden@gmail.com,newsletter,everyone,true,US,,,,,,Mozilla/5.0 (Windows NT 5.1; rv:11.0) Gecko Firefox/11.0 (via ggpht.com GoogleImageProxy)
156332314,2025-02-03T15:03:24.127Z,gmadden@gmail.com,newsletter,everyone,true,US,,,,,,Mozilla/5.0 (Windows NT 5.1; rv:11.0) Gecko Firefox/11.0 (via ggpht.com GoogleImageProxy)
156332314,2025-02-03T15:03:39.066Z,gmadden@gmail.com,newsletter,everyone,true,US,,,,,,Mozilla/5.0 (Windows NT 5.1; rv:11.0) Gecko Firefox/11.0 (via ggpht.com GoogleImageProxy)
156332314,2025-02-03T15:03:40.921Z,gmadden@gmail.com,newsletter,everyone,true,US,,,,,,Mozilla/5.0 (Windows NT 5.1; rv:11.0) Gecko Firefox/11.0 (via ggpht.com GoogleImageProxy)
156332314,2025-02-03T15:03:54.600Z,timcasswell@me.com,newsletter,everyone,true,CA,,,,,,Mozilla/5.0
156332314,2025-02-03T15:04:27.120Z,gmadden@gmail.com,newsletter,everyone,true,US,,,,,,Mozilla/5.0 (Windows NT 5.1; rv:11.0) Gecko Firefox/11.0 (via ggpht.com GoogleImageProxy)
156332314,2025-02-03T15:04:27.454Z,gmadden@gmail.com,newsletter,everyone,true,US,,,,,,Mozilla/5.0 (Windows NT 5.1; rv:11.0) Gecko Firefox/11.0 (via ggpht.com GoogleImageProxy)
156332314,2025-02-03T15:04:28.445Z,gmadden@gmail.com,newsletter,everyone,true,US,,,,,,Mozilla/5.0 (Windows NT 5.1; rv:11.0) Gecko Firefox/11.0 (via ggpht.com GoogleImageProxy)
156332314,2025-02-03T15:04:56.960Z,gmadden@gmail.com,newsletter,everyone,true,US,,,,,,Mozilla/5.0 (Windows NT 5.1; rv:11.0) Gecko Firefox/11.0 (via ggpht.com GoogleImageProxy)
156332314,2025-02-03T15:05:42.567Z,mackrauss@gmail.com,newsletter,everyone,true,CA,,,,,,Mozilla/5.0
156332314,2025-02-03T15:06:26.983Z,gmadden@gmail.com,newsletter,everyone,true,US,,,,,,Mozilla/5.0 (Windows NT 5.1; rv:11.0) Gecko Firefox/11.0 (via ggpht.com GoogleImageProxy)
156332314,2025-02-03T15:09:09.851Z,gmadden@gmail.com,newsletter,everyone,true,US,,,,,,Mozilla/5.0 (Windows NT 5.1; rv:11.0) Gecko Firefox/11.0 (via ggpht.com GoogleImageProxy)
156332314,2025-02-03T15:10:09.249Z,gmadden@gmail.com,newsletter,everyone,true,US,,,,,,Mozilla/5.0 (Windows NT 5.1; rv:11.0) Gecko Firefox/11.0 (via ggpht.com GoogleImageProxy)
156332314,2025-02-03T15:10:09.497Z,gmadden@gmail.com,newsletter,everyone,true,US,,,,,,Mozilla/5.0 (Windows NT 5.1; rv:11.0) Gecko Firefox/11.0 (via ggpht.com GoogleImageProxy)
156332314,2025-02-03T15:10:14.500Z,gmadden@gmail.com,newsletter,everyone,true,US,,,,,,Mozilla/5.0 (Windows NT 5.1; rv:11.0) Gecko Firefox/11.0 (via ggpht.com GoogleImageProxy)
156332314,2025-02-03T15:10:22.992Z,gmadden@gmail.com,newsletter,everyone,true,US,,,,,,Mozilla/5.0 (Windows NT 5.1; rv:11.0) Gecko Firefox/11.0 (via ggpht.com GoogleImageProxy)
156332314,2025-02-03T15:10:23.271Z,gmadden@gmail.com,newsletter,everyone,true,US,,,,,,Mozilla/5.0 (Windows NT 5.1; rv:11.0) Gecko Firefox/11.0 (via ggpht.com GoogleImageProxy)
156332314,2025-02-03T15:10:23.577Z,gmadden@gmail.com,newsletter,everyone,true,US,,,,,,Mozilla/5.0 (Windows NT 5.1; rv:11.0) Gecko Firefox/11.0 (via ggpht.com GoogleImageProxy)
156332314,2025-02-03T15:10:24.691Z,gmadden@gmail.com,newsletter,everyone,true,US,,,,,,Mozilla/5.0 (Windows NT 5.1; rv:11.0) Gecko Firefox/11.0 (via ggpht.com GoogleImageProxy)
156332314,2025-02-03T15:10:38.139Z,david@openflows.net,newsletter,everyone,true,US,,,,,,Mozilla/5.0 (Windows NT 5.1; rv:11.0) Gecko Firefox/11.0 (via ggpht.com GoogleImageProxy)
156332314,2025-02-03T15:14:10.805Z,gmadden@gmail.com,newsletter,everyone,true,US,,,,,,Mozilla/5.0 (Windows NT 5.1; rv:11.0) Gecko Firefox/11.0 (via ggpht.com GoogleImageProxy)
156332314,2025-02-03T15:14:11.007Z,gmadden@gmail.com,newsletter,everyone,true,US,,,,,,Mozilla/5.0 (Windows NT 5.1; rv:11.0) Gecko Firefox/11.0 (via ggpht.com GoogleImageProxy)
156332314,2025-02-03T15:14:21.764Z,gmadden@gmail.com,newsletter,everyone,true,US,,,,,,Mozilla/5.0 (Windows NT 5.1; rv:11.0) Gecko Firefox/11.0 (via ggpht.com GoogleImageProxy)
156332314,2025-02-03T15:14:32.403Z,gmadden@gmail.com,newsletter,everyone,true,US,,,,,,Mozilla/5.0 (Windows NT 5.1; rv:11.0) Gecko Firefox/11.0 (via ggpht.com GoogleImageProxy)
156332314,2025-02-03T15:15:03.306Z,gmadden@gmail.com,newsletter,everyone,true,US,,,,,,Mozilla/5.0 (Windows NT 5.1; rv:11.0) Gecko Firefox/11.0 (via ggpht.com GoogleImageProxy)
156332314,2025-02-03T15:16:10.565Z,carcus@rogers.com,newsletter,everyone,true,CA,,,,,,Mozilla/5.0
156332314,2025-02-03T15:16:19.793Z,erika.r.ibrahim@gmail.com,newsletter,everyone,true,CA,,,,,,Mozilla/5.0
156332314,2025-02-03T15:16:33.330Z,gmadden@gmail.com,newsletter,everyone,true,US,,,,,,Mozilla/5.0 (Windows NT 5.1; rv:11.0) Gecko Firefox/11.0 (via ggpht.com GoogleImageProxy)
156332314,2025-02-03T15:24:44.971Z,emtate@gmail.com,newsletter,everyone,false,US,,,,,,Mozilla/5.0 (Windows NT 5.1; rv:11.0) Gecko Firefox/11.0 (via ggpht.com GoogleImageProxy)
156332314,2025-02-03T15:25:01.743Z,bill.fox@bell.net,newsletter,everyone,true,US,,,,,,Mozilla/5.0
156332314,2025-02-03T15:26:31.499Z,emtate@gmail.com,newsletter,everyone,false,US,,,,,,Mozilla/5.0 (Windows NT 5.1; rv:11.0) Gecko Firefox/11.0 (via ggpht.com GoogleImageProxy)
156332314,2025-02-03T15:26:33.355Z,anne.riley.pgw@gmail.com,newsletter,everyone,false,US,,,,,,Mozilla/5.0
156332314,2025-02-03T15:27:35.078Z,leigh.day@me.com,newsletter,everyone,true,CA,,,,,,Mozilla/5.0
156332314,2025-02-03T15:31:12.676Z,david@openflows.net,newsletter,everyone,true,US,,,,,,Mozilla/5.0 (Windows NT 5.1; rv:11.0) Gecko Firefox/11.0 (via ggpht.com GoogleImageProxy)
156332314,2025-02-03T15:32:40.849Z,david@openflows.net,newsletter,everyone,true,US,,,,,,Mozilla/5.0 (Windows NT 5.1; rv:11.0) Gecko Firefox/11.0 (via ggpht.com GoogleImageProxy)
156332314,2025-02-03T15:39:34.365Z,sarah.bleiwas@gmail.com,newsletter,everyone,true,US,,,,,,Mozilla/5.0 (Windows NT 5.1; rv:11.0) Gecko Firefox/11.0 (via ggpht.com GoogleImageProxy)
156332314,2025-02-03T15:39:41.477Z,sarah.bleiwas@gmail.com,newsletter,everyone,true,US,,,,,,Mozilla/5.0 (Windows NT 5.1; rv:11.0) Gecko Firefox/11.0 (via ggpht.com GoogleImageProxy)
156332314,2025-02-03T15:40:59.264Z,emtate@gmail.com,newsletter,everyone,false,US,,,,,,Mozilla/5.0 (Windows NT 5.1; rv:11.0) Gecko Firefox/11.0 (via ggpht.com GoogleImageProxy)
156332314,2025-02-03T15:42:29.035Z,jrgmanalo@gmail.com,newsletter,everyone,true,US,,,,,,Mozilla/5.0 (Windows NT 5.1; rv:11.0) Gecko Firefox/11.0 (via ggpht.com GoogleImageProxy)
156332314,2025-02-03T15:42:31.009Z,kenmcc.ca@gmail.com,newsletter,everyone,true,CA,,,,,,Mozilla/5.0
156332314,2025-02-03T15:47:43.715Z,torbey@gmail.com,newsletter,everyone,true,US,,,,,,Mozilla/5.0
156332314,2025-02-03T15:47:45.753Z,robinlobb@gmail.com,newsletter,everyone,true,CA,,,,,,Mozilla/5.0
156332314,2025-02-03T15:49:06.537Z,alexander.carter@ryerson.ca,newsletter,everyone,true,US,,,,,,Mozilla/5.0 (Windows NT 5.1; rv:11.0) Gecko Firefox/11.0 (via ggpht.com GoogleImageProxy)
156332314,2025-02-03T15:54:12.346Z,stephdmoulton@gmail.com,newsletter,everyone,true,US,,,,,,Mozilla/5.0 (Windows NT 5.1; rv:11.0) Gecko Firefox/11.0 (via ggpht.com GoogleImageProxy)
156332314,2025-02-03T15:55:09.565Z,junk@aminacorp.ca,newsletter,everyone,true,CA,,,,,,Mozilla/5.0
156332314,2025-02-03T16:06:35.058Z,kenmcc.ca@gmail.com,newsletter,everyone,true,CA,,,,,,Mozilla/5.0
156332314,2025-02-03T16:06:59.862Z,guerrero.daphne@gmail.com,newsletter,everyone,true,US,,,,,,Mozilla/5.0 (Windows NT 5.1; rv:11.0) Gecko Firefox/11.0 (via ggpht.com GoogleImageProxy)
156332314,2025-02-03T16:08:40.446Z,Hayward.mark@gmail.com,newsletter,everyone,true,CA,,,,,,Mozilla/5.0
156332314,2025-02-03T16:12:41.020Z,mfredericks@gmail.com,newsletter,everyone,true,US,,,,,,Mozilla/5.0 (Windows NT 5.1; rv:11.0) Gecko Firefox/11.0 (via ggpht.com GoogleImageProxy)
156332314,2025-02-03T16:18:27.977Z,melissa24gordon@gmail.com,newsletter,everyone,true,CA,,,,,,Mozilla/5.0
156332314,2025-02-03T16:19:28.775Z,wirt.sj@gmail.com,newsletter,everyone,true,US,,,,,,Mozilla/5.0 (Windows NT 5.1; rv:11.0) Gecko Firefox/11.0 (via ggpht.com GoogleImageProxy)
156332314,2025-02-03T16:23:01.037Z,oshea@telus.net,newsletter,everyone,true,CA,,,,,,Mozilla/5.0
156332314,2025-02-03T16:26:51.719Z,agvronces@gmail.com,newsletter,everyone,true,US,,,,,,Mozilla/5.0 (Windows NT 5.1; rv:11.0) Gecko Firefox/11.0 (via ggpht.com GoogleImageProxy)
156332314,2025-02-03T16:31:23.527Z,marjonneke.grech@gmail.com,newsletter,everyone,true,US,,,,,,Mozilla/5.0 (Windows NT 5.1; rv:11.0) Gecko Firefox/11.0 (via ggpht.com GoogleImageProxy)
156332314,2025-02-03T16:31:33.443Z,marjonneke.grech@gmail.com,newsletter,everyone,true,US,,,,,,Mozilla/5.0 (Windows NT 5.1; rv:11.0) Gecko Firefox/11.0 (via ggpht.com GoogleImageProxy)
156332314,2025-02-03T16:31:42.381Z,marjonneke.grech@gmail.com,newsletter,everyone,true,US,,,,,,Mozilla/5.0 (Windows NT 5.1; rv:11.0) Gecko Firefox/11.0 (via ggpht.com GoogleImageProxy)
156332314,2025-02-03T16:39:57.357Z,liliezendel@gmail.com,newsletter,everyone,true,CA,,,,,,Mozilla/5.0
156332314,2025-02-03T16:40:11.023Z,kenmcc.ca@gmail.com,newsletter,everyone,true,CA,,,,,,"Mozilla/5.0 (Macintosh; Intel Mac OS X 10_15_7) AppleWebKit/537.36 (KHTML, like Gecko) Chrome/131.0.0.0 Safari/537.36"
156332314,2025-02-03T16:40:11.208Z,kenmcc.ca@gmail.com,newsletter,everyone,true,CA,,,,,,"Mozilla/5.0 (Macintosh; Intel Mac OS X 10_15_7) AppleWebKit/537.36 (KHTML, like Gecko) Chrome/131.0.0.0 Safari/537.36"
156332314,2025-02-03T16:41:04.803Z,annette@thebuscentre.com,newsletter,everyone,true,CA,,,,,,Mozilla/4.0 (compatible; ms-office; MSOffice 16)
156332314,2025-02-03T16:42:30.109Z,kenmcc.ca@gmail.com,newsletter,everyone,true,CA,,,,,,"Mozilla/5.0 (Macintosh; Intel Mac OS X 10_15_7) AppleWebKit/537.36 (KHTML, like Gecko) Chrome/131.0.0.0 Safari/537.36"
156332314,2025-02-03T16:42:30.440Z,kenmcc.ca@gmail.com,newsletter,everyone,true,CA,,,,,,"Mozilla/5.0 (Macintosh; Intel Mac OS X 10_15_7) AppleWebKit/537.36 (KHTML, like Gecko) Chrome/131.0.0.0 Safari/537.36"
156332314,2025-02-03T16:44:37.420Z,ppittman@gmail.com,newsletter,everyone,true,CA,,,,,,Mozilla/5.0
156332314,2025-02-03T16:52:41.469Z,kenmcc.ca@gmail.com,newsletter,everyone,true,CA,,,,,,"Mozilla/5.0 (Macintosh; Intel Mac OS X 10_15_7) AppleWebKit/537.36 (KHTML, like Gecko) Chrome/131.0.0.0 Safari/537.36"
156332314,2025-02-03T16:52:41.763Z,kenmcc.ca@gmail.com,newsletter,everyone,true,CA,,,,,,"Mozilla/5.0 (Macintosh; Intel Mac OS X 10_15_7) AppleWebKit/537.36 (KHTML, like Gecko) Chrome/131.0.0.0 Safari/537.36"
156332314,2025-02-03T16:53:49.426Z,bernyhuber@me.com,newsletter,everyone,true,CH,,,,,,"Mozilla/5.0 (Windows NT 10.0; Win64; x64) AppleWebKit/537.36 (KHTML, like Gecko) Chrome/132.0.0.0 Safari/537.36 Edg/132.0.0.0 OneOutlook/1.2025.122.200"
156332314,2025-02-03T16:57:55.372Z,chrisamalloy@gmail.com,newsletter,everyone,true,US,,,,,,Mozilla/5.0
156332314,2025-02-03T17:00:48.427Z,annette@thebuscentre.com,newsletter,everyone,true,CA,,,,,,Mozilla/4.0 (compatible; ms-office; MSOffice 16)
156332314,2025-02-03T17:01:11.736Z,annette@thebuscentre.com,newsletter,everyone,true,CA,,,,,,Mozilla/4.0 (compatible; ms-office; MSOffice 16)
156332314,2025-02-03T17:01:19.546Z,annette@thebuscentre.com,newsletter,everyone,true,CA,,,,,,Mozilla/4.0 (compatible; ms-office; MSOffice 16)
156332314,2025-02-03T17:02:09.947Z,angela.nardozi@gmail.com,newsletter,everyone,true,US,,,,,,Mozilla/5.0 (Windows NT 5.1; rv:11.0) Gecko Firefox/11.0 (via ggpht.com GoogleImageProxy)
156332314,2025-02-03T17:11:03.576Z,pmcinnis@stfx.ca,newsletter,everyone,true,CA,,,,,,Mozilla/5.0
156332314,2025-02-03T17:16:44.633Z,meagher.chantal@gmail.com,newsletter,everyone,true,US,,,,,,Mozilla/5.0 (Windows NT 5.1; rv:11.0) Gecko Firefox/11.0 (via ggpht.com GoogleImageProxy)
156332314,2025-02-03T17:17:25.005Z,meagher.chantal@gmail.com,newsletter,everyone,true,US,,,,,,Mozilla/5.0 (Windows NT 5.1; rv:11.0) Gecko Firefox/11.0 (via ggpht.com GoogleImageProxy)
156332314,2025-02-03T17:17:32.162Z,meagher.chantal@gmail.com,newsletter,everyone,true,US,,,,,,Mozilla/5.0 (Windows NT 5.1; rv:11.0) Gecko Firefox/11.0 (via ggpht.com GoogleImageProxy)
156332314,2025-02-03T17:26:58.279Z,mildredthill222@gmail.com,newsletter,everyone,true,CA,,,,,,Mozilla/5.0
156332314,2025-02-03T17:29:36.204Z,kenmcc.ca@gmail.com,newsletter,everyone,true,CA,,,,,,"Mozilla/5.0 (Macintosh; Intel Mac OS X 10_15_7) AppleWebKit/537.36 (KHTML, like Gecko) Chrome/131.0.0.0 Safari/537.36"
156332314,2025-02-03T17:32:48.524Z,buenaonda76@gmail.com,newsletter,everyone,true,US,,,,,,Mozilla/5.0 (Windows NT 5.1; rv:11.0) Gecko Firefox/11.0 (via ggpht.com GoogleImageProxy)
156332314,2025-02-03T17:40:12.108Z,kenmcc.ca@gmail.com,newsletter,everyone,true,CA,,,,,,"Mozilla/5.0 (Macintosh; Intel Mac OS X 10_15_7) AppleWebKit/537.36 (KHTML, like Gecko) Chrome/131.0.0.0 Safari/537.36"
156332314,2025-02-03T17:40:15.310Z,kenmcc.ca@gmail.com,newsletter,everyone,true,CA,,,,,,"Mozilla/5.0 (Macintosh; Intel Mac OS X 10_15_7) AppleWebKit/537.36 (KHTML, like Gecko) Chrome/131.0.0.0 Safari/537.36"
156332314,2025-02-03T17:40:15.362Z,kenmcc.ca@gmail.com,newsletter,everyone,true,CA,,,,,,"Mozilla/5.0 (Macintosh; Intel Mac OS X 10_15_7) AppleWebKit/537.36 (KHTML, like Gecko) Chrome/131.0.0.0 Safari/537.36"
156332314,2025-02-03T17:40:15.690Z,kenmcc.ca@gmail.com,newsletter,everyone,true,CA,,,,,,"Mozilla/5.0 (Macintosh; Intel Mac OS X 10_15_7) AppleWebKit/537.36 (KHTML, like Gecko) Chrome/131.0.0.0 Safari/537.36"
156332314,2025-02-03T17:40:15.760Z,kenmcc.ca@gmail.com,newsletter,everyone,true,CA,,,,,,"Mozilla/5.0 (Macintosh; Intel Mac OS X 10_15_7) AppleWebKit/537.36 (KHTML, like Gecko) Chrome/131.0.0.0 Safari/537.36"
156332314,2025-02-03T17:40:15.877Z,kenmcc.ca@gmail.com,newsletter,everyone,true,CA,,,,,,"Mozilla/5.0 (Macintosh; Intel Mac OS X 10_15_7) AppleWebKit/537.36 (KHTML, like Gecko) Chrome/131.0.0.0 Safari/537.36"
156332314,2025-02-03T17:40:15.926Z,kenmcc.ca@gmail.com,newsletter,everyone,true,CA,,,,,,"Mozilla/5.0 (Macintosh; Intel Mac OS X 10_15_7) AppleWebKit/537.36 (KHTML, like Gecko) Chrome/131.0.0.0 Safari/537.36"
156332314,2025-02-03T17:40:16.203Z,kenmcc.ca@gmail.com,newsletter,everyone,true,CA,,,,,,"Mozilla/5.0 (Macintosh; Intel Mac OS X 10_15_7) AppleWebKit/537.36 (KHTML, like Gecko) Chrome/131.0.0.0 Safari/537.36"
156332314,2025-02-03T17:40:16.261Z,kenmcc.ca@gmail.com,newsletter,everyone,true,CA,,,,,,"Mozilla/5.0 (Macintosh; Intel Mac OS X 10_15_7) AppleWebKit/537.36 (KHTML, like Gecko) Chrome/131.0.0.0 Safari/537.36"
156332314,2025-02-03T17:40:16.421Z,kenmcc.ca@gmail.com,newsletter,everyone,true,CA,,,,,,"Mozilla/5.0 (Macintosh; Intel Mac OS X 10_15_7) AppleWebKit/537.36 (KHTML, like Gecko) Chrome/131.0.0.0 Safari/537.36"
156332314,2025-02-03T17:40:16.461Z,kenmcc.ca@gmail.com,newsletter,everyone,true,CA,,,,,,"Mozilla/5.0 (Macintosh; Intel Mac OS X 10_15_7) AppleWebKit/537.36 (KHTML, like Gecko) Chrome/131.0.0.0 Safari/537.36"
156332314,2025-02-03T17:40:16.642Z,kenmcc.ca@gmail.com,newsletter,everyone,true,CA,,,,,,"Mozilla/5.0 (Macintosh; Intel Mac OS X 10_15_7) AppleWebKit/537.36 (KHTML, like Gecko) Chrome/131.0.0.0 Safari/537.36"
156332314,2025-02-03T17:40:16.790Z,kenmcc.ca@gmail.com,newsletter,everyone,true,CA,,,,,,"Mozilla/5.0 (Macintosh; Intel Mac OS X 10_15_7) AppleWebKit/537.36 (KHTML, like Gecko) Chrome/131.0.0.0 Safari/537.36"
156332314,2025-02-03T17:40:16.846Z,kenmcc.ca@gmail.com,newsletter,everyone,true,CA,,,,,,"Mozilla/5.0 (Macintosh; Intel Mac OS X 10_15_7) AppleWebKit/537.36 (KHTML, like Gecko) Chrome/131.0.0.0 Safari/537.36"
156332314,2025-02-03T17:40:17.341Z,kenmcc.ca@gmail.com,newsletter,everyone,true,CA,,,,,,"Mozilla/5.0 (Macintosh; Intel Mac OS X 10_15_7) AppleWebKit/537.36 (KHTML, like Gecko) Chrome/131.0.0.0 Safari/537.36"
156332314,2025-02-03T17:45:39.451Z,d_kranz@yahoo.com,newsletter,everyone,true,GB,,,,,,Mozilla/5.0
156332314,2025-02-03T17:50:41.464Z,kenmcc.ca@gmail.com,newsletter,everyone,true,CA,,,,,,"Mozilla/5.0 (Macintosh; Intel Mac OS X 10_15_7) AppleWebKit/537.36 (KHTML, like Gecko) Chrome/131.0.0.0 Safari/537.36"
156332314,2025-02-03T17:50:41.533Z,kenmcc.ca@gmail.com,newsletter,everyone,true,CA,,,,,,"Mozilla/5.0 (Macintosh; Intel Mac OS X 10_15_7) AppleWebKit/537.36 (KHTML, like Gecko) Chrome/131.0.0.0 Safari/537.36"
156332314,2025-02-03T17:52:30.241Z,luca.megale2104@gmail.com,newsletter,everyone,true,PL,,,,,,Mozilla/5.0
156332314,2025-02-03T17:53:16.147Z,mplatts@gmail.com,newsletter,everyone,true,CA,,,,,,Mozilla/5.0
156332314,2025-02-03T17:55:35.741Z,bdm54@icloud.com,newsletter,everyone,true,CA,,,,,,Mozilla/5.0
156332314,2025-02-03T17:56:00.332Z,allangregg@allangregg.com,newsletter,everyone,true,US,,,,,,Mozilla/5.0 (Windows NT 5.1; rv:11.0) Gecko Firefox/11.0 (via ggpht.com GoogleImageProxy)
156332314,2025-02-03T17:56:30.042Z,allangregg@allangregg.com,newsletter,everyone,true,US,,,,,,Mozilla/5.0 (Windows NT 5.1; rv:11.0) Gecko Firefox/11.0 (via ggpht.com GoogleImageProxy)
156332314,2025-02-03T17:58:00.292Z,allangregg@allangregg.com,newsletter,everyone,true,US,,,,,,Mozilla/5.0 (Windows NT 5.1; rv:11.0) Gecko Firefox/11.0 (via ggpht.com GoogleImageProxy)
156332314,2025-02-03T18:00:41.434Z,kenmcc.ca@gmail.com,newsletter,everyone,true,CA,,,,,,"Mozilla/5.0 (Macintosh; Intel Mac OS X 10_15_7) AppleWebKit/537.36 (KHTML, like Gecko) Chrome/131.0.0.0 Safari/537.36"
156332314,2025-02-03T18:00:41.518Z,kenmcc.ca@gmail.com,newsletter,everyone,true,CA,,,,,,"Mozilla/5.0 (Macintosh; Intel Mac OS X 10_15_7) AppleWebKit/537.36 (KHTML, like Gecko) Chrome/131.0.0.0 Safari/537.36"
156332314,2025-02-03T18:00:42.437Z,kenmcc.ca@gmail.com,newsletter,everyone,true,CA,,,,,,"Mozilla/5.0 (Macintosh; Intel Mac OS X 10_15_7) AppleWebKit/537.36 (KHTML, like Gecko) Chrome/131.0.0.0 Safari/537.36"
156332314,2025-02-03T18:00:42.958Z,kenmcc.ca@gmail.com,newsletter,everyone,true,CA,,,,,,"Mozilla/5.0 (Macintosh; Intel Mac OS X 10_15_7) AppleWebKit/537.36 (KHTML, like Gecko) Chrome/131.0.0.0 Safari/537.36"
156332314,2025-02-03T18:00:43.028Z,kenmcc.ca@gmail.com,newsletter,everyone,true,CA,,,,,,"Mozilla/5.0 (Macintosh; Intel Mac OS X 10_15_7) AppleWebKit/537.36 (KHTML, like Gecko) Chrome/131.0.0.0 Safari/537.36"
156332314,2025-02-03T18:00:43.280Z,kenmcc.ca@gmail.com,newsletter,everyone,true,CA,,,,,,"Mozilla/5.0 (Macintosh; Intel Mac OS X 10_15_7) AppleWebKit/537.36 (KHTML, like Gecko) Chrome/131.0.0.0 Safari/537.36"
156332314,2025-02-03T18:00:44.409Z,kenmcc.ca@gmail.com,newsletter,everyone,true,CA,,,,,,"Mozilla/5.0 (Macintosh; Intel Mac OS X 10_15_7) AppleWebKit/537.36 (KHTML, like Gecko) Chrome/131.0.0.0 Safari/537.36"
156332314,2025-02-03T18:00:45.397Z,kenmcc.ca@gmail.com,newsletter,everyone,true,CA,,,,,,"Mozilla/5.0 (Macintosh; Intel Mac OS X 10_15_7) AppleWebKit/537.36 (KHTML, like Gecko) Chrome/131.0.0.0 Safari/537.36"
156332314,2025-02-03T18:01:22.824Z,chrissy.hanning@gmail.com,newsletter,everyone,true,US,,,,,,Mozilla/5.0 (Windows NT 5.1; rv:11.0) Gecko Firefox/11.0 (via ggpht.com GoogleImageProxy)
156332314,2025-02-03T18:01:22.977Z,chrissy.hanning@gmail.com,newsletter,everyone,true,US,,,,,,Mozilla/5.0 (Windows NT 5.1; rv:11.0) Gecko Firefox/11.0 (via ggpht.com GoogleImageProxy)
156332314,2025-02-03T18:01:52.838Z,chrissy.hanning@gmail.com,newsletter,everyone,true,US,,,,,,Mozilla/5.0 (Windows NT 5.1; rv:11.0) Gecko Firefox/11.0 (via ggpht.com GoogleImageProxy)
156332314,2025-02-03T18:10:41.466Z,kenmcc.ca@gmail.com,newsletter,everyone,true,CA,,,,,,"Mozilla/5.0 (Macintosh; Intel Mac OS X 10_15_7) AppleWebKit/537.36 (KHTML, like Gecko) Chrome/131.0.0.0 Safari/537.36"
156332314,2025-02-03T18:10:41.540Z,kenmcc.ca@gmail.com,newsletter,everyone,true,CA,,,,,,"Mozilla/5.0 (Macintosh; Intel Mac OS X 10_15_7) AppleWebKit/537.36 (KHTML, like Gecko) Chrome/131.0.0.0 Safari/537.36"
156332314,2025-02-03T18:16:50.549Z,thecluett@gmail.com,newsletter,everyone,true,US,,,,,,Mozilla/5.0 (Windows NT 5.1; rv:11.0) Gecko Firefox/11.0 (via ggpht.com GoogleImageProxy)
156332314,2025-02-03T18:16:50.614Z,thecluett@gmail.com,newsletter,everyone,true,US,,,,,,Mozilla/5.0 (Windows NT 5.1; rv:11.0) Gecko Firefox/11.0 (via ggpht.com GoogleImageProxy)
156332314,2025-02-03T18:17:20.584Z,thecluett@gmail.com,newsletter,everyone,true,US,,,,,,Mozilla/5.0 (Windows NT 5.1; rv:11.0) Gecko Firefox/11.0 (via ggpht.com GoogleImageProxy)
156332314,2025-02-03T18:17:49.165Z,brad.buset@gmail.com,newsletter,everyone,true,CA,,,,,,Mozilla/5.0
156332314,2025-02-03T18:20:41.452Z,kenmcc.ca@gmail.com,newsletter,everyone,true,CA,,,,,,"Mozilla/5.0 (Macintosh; Intel Mac OS X 10_15_7) AppleWebKit/537.36 (KHTML, like Gecko) Chrome/131.0.0.0 Safari/537.36"
156332314,2025-02-03T18:20:41.538Z,kenmcc.ca@gmail.com,newsletter,everyone,true,CA,,,,,,"Mozilla/5.0 (Macintosh; Intel Mac OS X 10_15_7) AppleWebKit/537.36 (KHTML, like Gecko) Chrome/131.0.0.0 Safari/537.36"
156332314,2025-02-03T18:20:42.405Z,kenmcc.ca@gmail.com,newsletter,everyone,true,CA,,,,,,"Mozilla/5.0 (Macintosh; Intel Mac OS X 10_15_7) AppleWebKit/537.36 (KHTML, like Gecko) Chrome/131.0.0.0 Safari/537.36"
156332314,2025-02-03T18:20:42.936Z,kenmcc.ca@gmail.com,newsletter,everyone,true,CA,,,,,,"Mozilla/5.0 (Macintosh; Intel Mac OS X 10_15_7) AppleWebKit/537.36 (KHTML, like Gecko) Chrome/131.0.0.0 Safari/537.36"
156332314,2025-02-03T18:20:43.016Z,kenmcc.ca@gmail.com,newsletter,everyone,true,CA,,,,,,"Mozilla/5.0 (Macintosh; Intel Mac OS X 10_15_7) AppleWebKit/537.36 (KHTML, like Gecko) Chrome/131.0.0.0 Safari/537.36"
156332314,2025-02-03T18:20:43.236Z,kenmcc.ca@gmail.com,newsletter,everyone,true,CA,,,,,,"Mozilla/5.0 (Macintosh; Intel Mac OS X 10_15_7) AppleWebKit/537.36 (KHTML, like Gecko) Chrome/131.0.0.0 Safari/537.36"
156332314,2025-02-03T18:20:44.405Z,kenmcc.ca@gmail.com,newsletter,everyone,true,CA,,,,,,"Mozilla/5.0 (Macintosh; Intel Mac OS X 10_15_7) AppleWebKit/537.36 (KHTML, like Gecko) Chrome/131.0.0.0 Safari/537.36"
156332314,2025-02-03T18:20:45.393Z,kenmcc.ca@gmail.com,newsletter,everyone,true,CA,,,,,,"Mozilla/5.0 (Macintosh; Intel Mac OS X 10_15_7) AppleWebKit/537.36 (KHTML, like Gecko) Chrome/131.0.0.0 Safari/537.36"
156332314,2025-02-03T18:26:22.226Z,kjfitzgeraldva@gmail.com,newsletter,everyone,true,US,,,,,,Mozilla/5.0
156332314,2025-02-03T18:30:41.473Z,kenmcc.ca@gmail.com,newsletter,everyone,true,CA,,,,,,"Mozilla/5.0 (Macintosh; Intel Mac OS X 10_15_7) AppleWebKit/537.36 (KHTML, like Gecko) Chrome/131.0.0.0 Safari/537.36"
156332314,2025-02-03T18:30:41.558Z,kenmcc.ca@gmail.com,newsletter,everyone,true,CA,,,,,,"Mozilla/5.0 (Macintosh; Intel Mac OS X 10_15_7) AppleWebKit/537.36 (KHTML, like Gecko) Chrome/131.0.0.0 Safari/537.36"
156332314,2025-02-03T18:36:51.507Z,noahbriske@gmail.com,newsletter,everyone,true,US,,,,,,Mozilla/5.0 (Windows NT 5.1; rv:11.0) Gecko Firefox/11.0 (via ggpht.com GoogleImageProxy)
156332314,2025-02-03T18:40:41.438Z,kenmcc.ca@gmail.com,newsletter,everyone,true,CA,,,,,,"Mozilla/5.0 (Macintosh; Intel Mac OS X 10_15_7) AppleWebKit/537.36 (KHTML, like Gecko) Chrome/131.0.0.0 Safari/537.36"
156332314,2025-02-03T18:40:41.542Z,kenmcc.ca@gmail.com,newsletter,everyone,true,CA,,,,,,"Mozilla/5.0 (Macintosh; Intel Mac OS X 10_15_7) AppleWebKit/537.36 (KHTML, like Gecko) Chrome/131.0.0.0 Safari/537.36"
156332314,2025-02-03T18:50:41.455Z,kenmcc.ca@gmail.com,newsletter,everyone,true,CA,,,,,,"Mozilla/5.0 (Macintosh; Intel Mac OS X 10_15_7) AppleWebKit/537.36 (KHTML, like Gecko) Chrome/131.0.0.0 Safari/537.36"
156332314,2025-02-03T18:50:41.554Z,kenmcc.ca@gmail.com,newsletter,everyone,true,CA,,,,,,"Mozilla/5.0 (Macintosh; Intel Mac OS X 10_15_7) AppleWebKit/537.36 (KHTML, like Gecko) Chrome/131.0.0.0 Safari/537.36"
156332314,2025-02-03T18:50:42.407Z,kenmcc.ca@gmail.com,newsletter,everyone,true,CA,,,,,,"Mozilla/5.0 (Macintosh; Intel Mac OS X 10_15_7) AppleWebKit/537.36 (KHTML, like Gecko) Chrome/131.0.0.0 Safari/537.36"
156332314,2025-02-03T18:50:42.583Z,kenmcc.ca@gmail.com,newsletter,everyone,true,CA,,,,,,"Mozilla/5.0 (Macintosh; Intel Mac OS X 10_15_7) AppleWebKit/537.36 (KHTML, like Gecko) Chrome/131.0.0.0 Safari/537.36"
156332314,2025-02-03T18:50:43.023Z,kenmcc.ca@gmail.com,newsletter,everyone,true,CA,,,,,,"Mozilla/5.0 (Macintosh; Intel Mac OS X 10_15_7) AppleWebKit/537.36 (KHTML, like Gecko) Chrome/131.0.0.0 Safari/537.36"
156332314,2025-02-03T18:50:43.250Z,kenmcc.ca@gmail.com,newsletter,everyone,true,CA,,,,,,"Mozilla/5.0 (Macintosh; Intel Mac OS X 10_15_7) AppleWebKit/537.36 (KHTML, like Gecko) Chrome/131.0.0.0 Safari/537.36"
156332314,2025-02-03T18:50:44.405Z,kenmcc.ca@gmail.com,newsletter,everyone,true,CA,,,,,,"Mozilla/5.0 (Macintosh; Intel Mac OS X 10_15_7) AppleWebKit/537.36 (KHTML, like Gecko) Chrome/131.0.0.0 Safari/537.36"
156332314,2025-02-03T18:50:45.413Z,kenmcc.ca@gmail.com,newsletter,everyone,true,CA,,,,,,"Mozilla/5.0 (Macintosh; Intel Mac OS X 10_15_7) AppleWebKit/537.36 (KHTML, like Gecko) Chrome/131.0.0.0 Safari/537.36"
156332314,2025-02-03T18:56:12.737Z,kenmcc.ca@gmail.com,newsletter,everyone,true,US,,,,,,Mozilla/5.0 (Windows NT 5.1; rv:11.0) Gecko Firefox/11.0 (via ggpht.com GoogleImageProxy)
156332314,2025-02-03T18:56:12.801Z,kenmcc.ca@gmail.com,newsletter,everyone,true,US,,,,,,Mozilla/5.0 (Windows NT 5.1; rv:11.0) Gecko Firefox/11.0 (via ggpht.com GoogleImageProxy)
156332314,2025-02-03T18:56:37.813Z,kenmcc.ca@gmail.com,newsletter,everyone,true,US,,,,,,Mozilla/5.0 (Windows NT 5.1; rv:11.0) Gecko Firefox/11.0 (via ggpht.com GoogleImageProxy)
156332314,2025-02-03T18:56:43.879Z,kenmcc.ca@gmail.com,newsletter,everyone,true,US,,,,,,Mozilla/5.0 (Windows NT 5.1; rv:11.0) Gecko Firefox/11.0 (via ggpht.com GoogleImageProxy)
156332314,2025-02-03T18:56:43.992Z,kenmcc.ca@gmail.com,newsletter,everyone,true,US,,,,,,Mozilla/5.0 (Windows NT 5.1; rv:11.0) Gecko Firefox/11.0 (via ggpht.com GoogleImageProxy)
156332314,2025-02-03T18:56:56.166Z,kenmcc.ca@gmail.com,newsletter,everyone,true,US,,,,,,Mozilla/5.0 (Windows NT 5.1; rv:11.0) Gecko Firefox/11.0 (via ggpht.com GoogleImageProxy)
156332314,2025-02-03T18:56:57.622Z,kenmcc.ca@gmail.com,newsletter,everyone,true,US,,,,,,Mozilla/5.0 (Windows NT 5.1; rv:11.0) Gecko Firefox/11.0 (via ggpht.com GoogleImageProxy)
156332314,2025-02-03T18:56:58.577Z,kenmcc.ca@gmail.com,newsletter,everyone,true,US,,,,,,Mozilla/5.0 (Windows NT 5.1; rv:11.0) Gecko Firefox/11.0 (via ggpht.com GoogleImageProxy)
156332314,2025-02-03T18:57:07.467Z,noahbriske@gmail.com,newsletter,everyone,true,US,,,,,,Mozilla/5.0 (Windows NT 5.1; rv:11.0) Gecko Firefox/11.0 (via ggpht.com GoogleImageProxy)
156332314,2025-02-03T18:58:31.672Z,mjcouldridge@gmail.com,newsletter,everyone,true,CA,,,,,,Mozilla/5.0
156332314,2025-02-03T18:58:31.697Z,nlstrumpf@gmail.com,newsletter,everyone,true,CA,,,,,,Mozilla/5.0
156332314,2025-02-03T18:59:48.752Z,kenmcc.ca@gmail.com,newsletter,everyone,true,US,,,,,,Mozilla/5.0 (Windows NT 5.1; rv:11.0) Gecko Firefox/11.0 (via ggpht.com GoogleImageProxy)
156332314,2025-02-03T19:00:41.447Z,kenmcc.ca@gmail.com,newsletter,everyone,true,CA,,,,,,"Mozilla/5.0 (Macintosh; Intel Mac OS X 10_15_7) AppleWebKit/537.36 (KHTML, like Gecko) Chrome/131.0.0.0 Safari/537.36"
156332314,2025-02-03T19:00:41.536Z,kenmcc.ca@gmail.com,newsletter,everyone,true,CA,,,,,,"Mozilla/5.0 (Macintosh; Intel Mac OS X 10_15_7) AppleWebKit/537.36 (KHTML, like Gecko) Chrome/131.0.0.0 Safari/537.36"
156332314,2025-02-03T19:07:17.359Z,jdsalzman@gmail.com,newsletter,everyone,true,MX,,,,,,Mozilla/5.0
156332314,2025-02-03T19:08:23.542Z,theodore@theodorefox.com,newsletter,everyone,true,US,,,,,,Mozilla/5.0 (Windows NT 5.1; rv:11.0) Gecko Firefox/11.0 (via ggpht.com GoogleImageProxy)
156332314,2025-02-03T19:10:41.436Z,kenmcc.ca@gmail.com,newsletter,everyone,true,CA,,,,,,"Mozilla/5.0 (Macintosh; Intel Mac OS X 10_15_7) AppleWebKit/537.36 (KHTML, like Gecko) Chrome/131.0.0.0 Safari/537.36"
156332314,2025-02-03T19:10:41.539Z,kenmcc.ca@gmail.com,newsletter,everyone,true,CA,,,,,,"Mozilla/5.0 (Macintosh; Intel Mac OS X 10_15_7) AppleWebKit/537.36 (KHTML, like Gecko) Chrome/131.0.0.0 Safari/537.36"
156332314,2025-02-03T19:11:06.588Z,jplzimmer@gmail.com,newsletter,everyone,true,CA,,,,,,Mozilla/5.0
156332314,2025-02-03T19:19:52.848Z,sylvain.gratton@hec.ca,newsletter,everyone,true,CA,,,,,,Mozilla/5.0
156332314,2025-02-03T19:20:02.021Z,bonnie.brownlee@gmail.com,newsletter,everyone,true,US,,,,,,Mozilla/5.0
156332314,2025-02-03T19:20:41.448Z,kenmcc.ca@gmail.com,newsletter,everyone,true,CA,,,,,,"Mozilla/5.0 (Macintosh; Intel Mac OS X 10_15_7) AppleWebKit/537.36 (KHTML, like Gecko) Chrome/131.0.0.0 Safari/537.36"
156332314,2025-02-03T19:20:41.553Z,kenmcc.ca@gmail.com,newsletter,everyone,true,CA,,,,,,"Mozilla/5.0 (Macintosh; Intel Mac OS X 10_15_7) AppleWebKit/537.36 (KHTML, like Gecko) Chrome/131.0.0.0 Safari/537.36"
156332314,2025-02-03T19:29:13.246Z,Zenraptorml@gmail.com,newsletter,everyone,true,US,,,,,,Mozilla/5.0
156332314,2025-02-03T19:29:18.206Z,eudesf@telusplanet.net,newsletter,everyone,true,US,,,,,,Mozilla/5.0 (Windows NT 5.1; rv:11.0) Gecko Firefox/11.0 (via ggpht.com GoogleImageProxy)
156332314,2025-02-03T19:33:27.561Z,annette@thebuscentre.com,newsletter,everyone,true,CA,,,,,,Mozilla/4.0 (compatible; ms-office; MSOffice 16)
156332314,2025-02-03T19:35:47.499Z,fifth.business@yahoo.ca,newsletter,everyone,true,CA,,,,,,Mozilla/5.0
156332314,2025-02-03T19:53:06.393Z,liliezendel@gmail.com,newsletter,everyone,true,US,,,,,,Mozilla/5.0 (Windows NT 5.1; rv:11.0) Gecko Firefox/11.0 (via ggpht.com GoogleImageProxy)
156332314,2025-02-03T19:55:04.771Z,ebessner@gmail.com,newsletter,everyone,true,CA,,,,,,Mozilla/5.0
156332314,2025-02-03T20:01:35.528Z,sabrinarauscher@gmail.com,newsletter,everyone,true,CA,,,,,,Mozilla/5.0
156332314,2025-02-03T20:14:58.264Z,rea.mcnamara@gmail.com,newsletter,everyone,true,US,,,,,,Mozilla/5.0 (Windows NT 5.1; rv:11.0) Gecko Firefox/11.0 (via ggpht.com GoogleImageProxy)
156332314,2025-02-03T20:14:59.378Z,rea.mcnamara@gmail.com,newsletter,everyone,true,US,,,,,,Mozilla/5.0 (Windows NT 5.1; rv:11.0) Gecko Firefox/11.0 (via ggpht.com GoogleImageProxy)
156332314,2025-02-03T20:15:08.680Z,rea.mcnamara@gmail.com,newsletter,everyone,true,US,,,,,,Mozilla/5.0 (Windows NT 5.1; rv:11.0) Gecko Firefox/11.0 (via ggpht.com GoogleImageProxy)
156332314,2025-02-03T20:15:09.695Z,rea.mcnamara@gmail.com,newsletter,everyone,true,US,,,,,,Mozilla/5.0 (Windows NT 5.1; rv:11.0) Gecko Firefox/11.0 (via ggpht.com GoogleImageProxy)
156332314,2025-02-03T20:15:13.323Z,rea.mcnamara@gmail.com,newsletter,everyone,true,US,,,,,,Mozilla/5.0 (Windows NT 5.1; rv:11.0) Gecko Firefox/11.0 (via ggpht.com GoogleImageProxy)
156332314,2025-02-03T20:15:14.609Z,rea.mcnamara@gmail.com,newsletter,everyone,true,US,,,,,,Mozilla/5.0 (Windows NT 5.1; rv:11.0) Gecko Firefox/11.0 (via ggpht.com GoogleImageProxy)
156332314,2025-02-03T20:15:14.775Z,rea.mcnamara@gmail.com,newsletter,everyone,true,US,,,,,,Mozilla/5.0 (Windows NT 5.1; rv:11.0) Gecko Firefox/11.0 (via ggpht.com GoogleImageProxy)
156332314,2025-02-03T20:15:14.850Z,rea.mcnamara@gmail.com,newsletter,everyone,true,US,,,,,,Mozilla/5.0 (Windows NT 5.1; rv:11.0) Gecko Firefox/11.0 (via ggpht.com GoogleImageProxy)
156332314,2025-02-03T20:15:15.614Z,rea.mcnamara@gmail.com,newsletter,everyone,true,US,,,,,,Mozilla/5.0 (Windows NT 5.1; rv:11.0) Gecko Firefox/11.0 (via ggpht.com GoogleImageProxy)
156332314,2025-02-03T20:15:15.994Z,rea.mcnamara@gmail.com,newsletter,everyone,true,US,,,,,,Mozilla/5.0 (Windows NT 5.1; rv:11.0) Gecko Firefox/11.0 (via ggpht.com GoogleImageProxy)
156332314,2025-02-03T20:20:57.800Z,monique.tschofen@gmail.com,newsletter,everyone,true,CA,,,,,,Mozilla/5.0
156332314,2025-02-03T20:22:53.304Z,michael@ajah.ca,newsletter,everyone,true,US,,,,,,Mozilla/5.0 (Windows NT 5.1; rv:11.0) Gecko Firefox/11.0 (via ggpht.com GoogleImageProxy)
156332314,2025-02-03T20:25:11.441Z,chrissy.hanning@gmail.com,newsletter,everyone,true,US,,,,,,Mozilla/5.0 (Windows NT 5.1; rv:11.0) Gecko Firefox/11.0 (via ggpht.com GoogleImageProxy)
156332314,2025-02-03T20:33:08.961Z,donmchoull@gmail.com,newsletter,everyone,true,CA,,,,,,Mozilla/5.0
156332314,2025-02-03T20:42:41.161Z,challwafe.barrera@gmail.com,newsletter,everyone,true,US,,,,,,Mozilla/5.0 (Windows NT 5.1; rv:11.0) Gecko Firefox/11.0 (via ggpht.com GoogleImageProxy)
156332314,2025-02-03T20:44:05.623Z,jasonwillislee@gmail.com,newsletter,everyone,true,US,,,,,,Mozilla/5.0 (Windows NT 5.1; rv:11.0) Gecko Firefox/11.0 (via ggpht.com GoogleImageProxy)
156332314,2025-02-03T20:50:57.988Z,kenmcc.ca@gmail.com,newsletter,everyone,true,US,,,,,,YahooMailProxy; https://help.yahoo.com/kb/yahoo-mail-proxy-SLN28749.html
156332314,2025-02-03T21:06:11.693Z,rea.mcnamara@gmail.com,newsletter,everyone,true,US,,,,,,Mozilla/5.0 (Windows NT 5.1; rv:11.0) Gecko Firefox/11.0 (via ggpht.com GoogleImageProxy)
156332314,2025-02-03T21:10:56.377Z,wire@smartcities.ca,newsletter,everyone,true,CA,,,,,,Mozilla/5.0
156332314,2025-02-03T21:20:39.249Z,68880874-db7f-402d-8076-fea77047b91e@deletion-request.substack.com,newsletter,everyone,true,US,,,,,,Mozilla/5.0 (Windows NT 5.1; rv:11.0) Gecko Firefox/11.0 (via ggpht.com GoogleImageProxy)
156332314,2025-02-03T21:20:48.967Z,68880874-db7f-402d-8076-fea77047b91e@deletion-request.substack.com,newsletter,everyone,true,US,,,,,,Mozilla/5.0 (Windows NT 5.1; rv:11.0) Gecko Firefox/11.0 (via ggpht.com GoogleImageProxy)
156332314,2025-02-03T21:27:08.153Z,eric.gregory@gregorycomputer.ca,newsletter,everyone,true,US,,,,,,Mozilla/5.0 (Windows NT 5.1; rv:11.0) Gecko Firefox/11.0 (via ggpht.com GoogleImageProxy)
156332314,2025-02-03T21:37:39.043Z,marcolists@gmail.com,newsletter,everyone,true,US,,,,,,Mozilla/5.0 (Windows NT 5.1; rv:11.0) Gecko Firefox/11.0 (via ggpht.com GoogleImageProxy)
156332314,2025-02-03T22:18:04.763Z,jp@jpss.ca,newsletter,everyone,true,CA,,,,,,Mozilla/5.0
156332314,2025-02-03T22:27:12.265Z,sarah.e.bayne@gmail.com,newsletter,everyone,true,CA,,,,,,Mozilla/5.0
156332314,2025-02-03T22:29:00.865Z,relax@hirsh.ca,newsletter,everyone,true,CA,,,,,,Mozilla/5.0 (Windows NT 10.0; Win64; x64; rv:128.0) Gecko/20100101 Thunderbird/128.6.1
156332314,2025-02-03T22:34:59.539Z,heather.stonehouse@outlook.com,newsletter,everyone,true,CA,,,,,,Mozilla/5.0
156332314,2025-02-03T22:42:11.767Z,kenmcc.ca@gmail.com,newsletter,everyone,true,US,,,,,,Mozilla/5.0 (Windows NT 5.1; rv:11.0) Gecko Firefox/11.0 (via ggpht.com GoogleImageProxy)
156332314,2025-02-03T22:55:51.035Z,davidjamesfriend@gmail.com,newsletter,everyone,true,US,,,,,,Mozilla/5.0 (Windows NT 5.1; rv:11.0) Gecko Firefox/11.0 (via ggpht.com GoogleImageProxy)
156332314,2025-02-03T23:11:34.174Z,challwafe.barrera@gmail.com,newsletter,everyone,true,US,,,,,,Mozilla/5.0 (Windows NT 5.1; rv:11.0) Gecko Firefox/11.0 (via ggpht.com GoogleImageProxy)
156332314,2025-02-03T23:11:46.761Z,fifth.business@yahoo.ca,newsletter,everyone,true,CA,,,,,,Mozilla/5.0
156332314,2025-02-03T23:18:35.766Z,clounsbury@cogeco.ca,newsletter,everyone,true,CA,,,,,,Mozilla/5.0 (Windows NT 10.0; Win64; x64; rv:128.0) Gecko/20100101 Thunderbird/128.6.0
156332314,2025-02-03T23:22:37.147Z,chrisamalloy@gmail.com,newsletter,everyone,true,US,,,,,,Mozilla/5.0 (Windows NT 5.1; rv:11.0) Gecko Firefox/11.0 (via ggpht.com GoogleImageProxy)
156332314,2025-02-03T23:23:07.182Z,chrisamalloy@gmail.com,newsletter,everyone,true,US,,,,,,Mozilla/5.0 (Windows NT 5.1; rv:11.0) Gecko Firefox/11.0 (via ggpht.com GoogleImageProxy)
156332314,2025-02-03T23:24:23.734Z,msmesley@gmail.com,newsletter,everyone,true,US,,,,,,Mozilla/5.0 (Windows NT 5.1; rv:11.0) Gecko Firefox/11.0 (via ggpht.com GoogleImageProxy)
156332314,2025-02-03T23:24:53.643Z,msmesley@gmail.com,newsletter,everyone,true,US,,,,,,Mozilla/5.0 (Windows NT 5.1; rv:11.0) Gecko Firefox/11.0 (via ggpht.com GoogleImageProxy)
156332314,2025-02-03T23:26:23.643Z,msmesley@gmail.com,newsletter,everyone,true,US,,,,,,Mozilla/5.0 (Windows NT 5.1; rv:11.0) Gecko Firefox/11.0 (via ggpht.com GoogleImageProxy)
156332314,2025-02-03T23:27:07.243Z,ryan@ryanandrosoff.ca,newsletter,everyone,true,CA,,,,,,Mozilla/5.0
156332314,2025-02-03T23:29:49.779Z,msmesley@gmail.com,newsletter,everyone,true,US,,,,,,Mozilla/5.0 (Windows NT 5.1; rv:11.0) Gecko Firefox/11.0 (via ggpht.com GoogleImageProxy)
156332314,2025-02-03T23:39:48.786Z,assifshameen@hotmail.com,newsletter,everyone,true,CA,,,,,,Mozilla/5.0
156332314,2025-02-04T00:00:26.717Z,matthew.david.legg@gmail.com,newsletter,everyone,true,US,,,,,,Mozilla/5.0 (Windows NT 5.1; rv:11.0) Gecko Firefox/11.0 (via ggpht.com GoogleImageProxy)
156332314,2025-02-04T00:15:17.037Z,rea.mcnamara@gmail.com,newsletter,everyone,true,US,,,,,,Mozilla/5.0 (Windows NT 5.1; rv:11.0) Gecko Firefox/11.0 (via ggpht.com GoogleImageProxy)
156332314,2025-02-04T00:40:49.607Z,drmartin66@gmail.com,newsletter,everyone,true,US,,,,,,Mozilla/5.0 (Windows NT 5.1; rv:11.0) Gecko Firefox/11.0 (via ggpht.com GoogleImageProxy)
156332314,2025-02-04T00:48:27.122Z,relax@hirsh.ca,newsletter,everyone,true,CA,,,,,,Mozilla/5.0 (Windows NT 10.0; Win64; x64; rv:128.0) Gecko/20100101 Thunderbird/128.6.1
156332314,2025-02-04T01:02:17.413Z,bgrantpaul@gmail.com,newsletter,everyone,true,CA,,,,,,Mozilla/5.0
156332314,2025-02-04T01:02:24.219Z,justinmohareb@gmail.com,newsletter,everyone,true,US,,,,,,Mozilla/5.0
156332314,2025-02-04T01:02:26.814Z,peter@zatloukal.com,newsletter,everyone,true,US,,,,,,Mozilla/5.0
156332314,2025-02-04T01:05:53.694Z,oshea@telus.net,newsletter,everyone,true,CA,,,,,,Mozilla/5.0
156332314,2025-02-04T01:06:22.352Z,poppybalser@gmail.com,newsletter,everyone,true,US,,,,,,Mozilla/5.0 (Windows NT 5.1; rv:11.0) Gecko Firefox/11.0 (via ggpht.com GoogleImageProxy)
156332314,2025-02-04T01:09:01.311Z,poppybalser@gmail.com,newsletter,everyone,true,US,,,,,,Mozilla/5.0 (Windows NT 5.1; rv:11.0) Gecko Firefox/11.0 (via ggpht.com GoogleImageProxy)
156332314,2025-02-04T01:09:12.572Z,poppybalser@gmail.com,newsletter,everyone,true,US,,,,,,Mozilla/5.0 (Windows NT 5.1; rv:11.0) Gecko Firefox/11.0 (via ggpht.com GoogleImageProxy)
156332314,2025-02-04T01:09:52.694Z,poppybalser@gmail.com,newsletter,everyone,true,CA,,,,,,Mozilla/5.0
156332314,2025-02-04T01:13:37.531Z,ana.serrano@gmail.com,newsletter,everyone,true,CA,,,,,,Mozilla/5.0
156332314,2025-02-04T01:31:50.025Z,bill.fox@bell.net,newsletter,everyone,true,US,,,,,,Mozilla/5.0
156332314,2025-02-04T01:49:38.915Z,samwollenberg@gmail.com,newsletter,everyone,true,CA,,,,,,Mozilla/5.0
156332314,2025-02-04T01:56:14.101Z,agvronces@gmail.com,newsletter,everyone,true,US,,,,,,Mozilla/5.0 (Windows NT 5.1; rv:11.0) Gecko Firefox/11.0 (via ggpht.com GoogleImageProxy)
156332314,2025-02-04T02:05:00.549Z,olivier.bacs@outlook.com,newsletter,everyone,true,GB,,,,,,Mozilla/5.0
156332314,2025-02-04T02:19:25.252Z,peter@zatloukal.com,newsletter,everyone,true,US,,,,,,Mozilla/5.0
156332314,2025-02-04T02:19:26.969Z,katsnewsletter@gmail.com,newsletter,everyone,true,US,,,,,,Mozilla/5.0
156332314,2025-02-04T02:32:01.923Z,kenmcc.ca@gmail.com,newsletter,everyone,true,US,,,,,,Mozilla/5.0 (Windows NT 5.1; rv:11.0) Gecko Firefox/11.0 (via ggpht.com GoogleImageProxy)
156332314,2025-02-04T02:45:19.358Z,kenmcc.ca@gmail.com,newsletter,everyone,true,CA,,,,,,Mozilla/5.0
156332314,2025-02-04T03:06:41.171Z,mita.williams@gmail.com,newsletter,everyone,true,US,,,,,,Mozilla/5.0 (Windows NT 5.1; rv:11.0) Gecko Firefox/11.0 (via ggpht.com GoogleImageProxy)
156332314,2025-02-04T03:07:54.170Z,sarah.el.ryan@gmail.com,newsletter,everyone,true,CA,,,,,,Mozilla/5.0
156332314,2025-02-04T03:13:10.705Z,hodgemichaelj@gmail.com,newsletter,everyone,true,US,,,,,,Mozilla/5.0 (Windows NT 5.1; rv:11.0) Gecko Firefox/11.0 (via ggpht.com GoogleImageProxy)
156332314,2025-02-04T03:13:33.528Z,hodgemichaelj@gmail.com,newsletter,everyone,true,US,,,,,,Mozilla/5.0 (Windows NT 5.1; rv:11.0) Gecko Firefox/11.0 (via ggpht.com GoogleImageProxy)
156332314,2025-02-04T03:13:50.383Z,jadeumurungi@yahoo.ca,newsletter,everyone,true,CA,,,,,,Mozilla/5.0
156332314,2025-02-04T03:20:01.723Z,mita.williams@gmail.com,newsletter,everyone,true,US,,,,,,Mozilla/5.0 (Windows NT 5.1; rv:11.0) Gecko Firefox/11.0 (via ggpht.com GoogleImageProxy)
156332314,2025-02-04T03:26:26.636Z,mita.williams@gmail.com,newsletter,everyone,true,US,,,,,,Mozilla/5.0 (Windows NT 5.1; rv:11.0) Gecko Firefox/11.0 (via ggpht.com GoogleImageProxy)
156332314,2025-02-04T03:34:28.198Z,tim@timmerritt.net,newsletter,everyone,true,US,,,,,,Mozilla/5.0
156332314,2025-02-04T04:09:50.184Z,johnee72@icloud.com,newsletter,everyone,true,CA,,,,,,Mozilla/5.0
156332314,2025-02-04T04:16:40.696Z,janice.neil@ryerson.ca,newsletter,everyone,true,CA,,,,,,Mozilla/5.0
156332314,2025-02-04T04:31:27.588Z,mblatt@compuwrite.com,newsletter,everyone,true,CA,,,,,,Mozilla/5.0 (Windows NT 10.0; Win64; x64; rv:128.0) Gecko/20100101 Thunderbird/128.6.1
156332314,2025-02-04T05:05:36.289Z,barbara@bbneves.com,newsletter,everyone,true,US,,,,,,Mozilla/5.0 (Windows NT 5.1; rv:11.0) Gecko Firefox/11.0 (via ggpht.com GoogleImageProxy)
156332314,2025-02-04T05:08:26.991Z,jadeumurungi@yahoo.ca,newsletter,everyone,true,CA,,,,,,Mozilla/5.0
156332314,2025-02-04T05:16:11.978Z,monique.tschofen@gmail.com,newsletter,everyone,true,CA,,,,,,Mozilla/5.0
156332314,2025-02-04T05:28:03.139Z,4e44879d-a148-4b32-8586-9b171d3fb47f@deletion-request.substack.com,newsletter,everyone,true,CA,,,,,,Mozilla/5.0
156332314,2025-02-04T05:46:00.718Z,burns.grant@gmail.com,newsletter,everyone,true,CA,,,,,,Mozilla/5.0
156332314,2025-02-04T07:00:05.541Z,shawnaga@gmail.com,newsletter,everyone,true,US,,,,,,Mozilla/5.0 (Windows NT 5.1; rv:11.0) Gecko Firefox/11.0 (via ggpht.com GoogleImageProxy)
156332314,2025-02-04T07:25:30.622Z,Caniceleung@gmail.com,newsletter,everyone,true,US,,,,,,Mozilla/5.0 (Windows NT 5.1; rv:11.0) Gecko Firefox/11.0 (via ggpht.com GoogleImageProxy)
156332314,2025-02-04T08:33:13.592Z,sarah.sabsibo@gmail.com,newsletter,everyone,true,FR,,,,,,Mozilla/5.0
156332314,2025-02-04T08:34:50.211Z,jdlefebvre@gmail.com,newsletter,everyone,false,CA,,,,,,Mozilla/5.0
156332314,2025-02-04T10:45:58.347Z,brad.buset@gmail.com,newsletter,everyone,true,CA,,,,,,Mozilla/5.0
156332314,2025-02-04T11:31:29.615Z,mattkuzyk@gmail.com,newsletter,everyone,true,US,,,,,,Mozilla/5.0 (Windows NT 5.1; rv:11.0) Gecko Firefox/11.0 (via ggpht.com GoogleImageProxy)
156332314,2025-02-04T12:42:02.204Z,buenaonda76@gmail.com,newsletter,everyone,true,US,,,,,,Mozilla/5.0 (Windows NT 5.1; rv:11.0) Gecko Firefox/11.0 (via ggpht.com GoogleImageProxy)
156332314,2025-02-04T12:42:21.820Z,david@openflows.net,newsletter,everyone,true,US,,,,,,Mozilla/5.0 (Windows NT 5.1; rv:11.0) Gecko Firefox/11.0 (via ggpht.com GoogleImageProxy)
156332314,2025-02-04T13:28:03.275Z,tonyhalmos@yahoo.ca,newsletter,everyone,true,CA,,,,,,Mozilla/5.0
156332314,2025-02-04T13:34:22.412Z,tim@timmerritt.net,newsletter,everyone,true,US,,,,,,"Mozilla/5.0 (Linux; Android 15; Pixel 6 Build/AP4A.250105.002; wv) AppleWebKit/537.36 (KHTML, like Gecko) Version/4.0 Chrome/132.0.6834.163 Mobile Safari/537.36"
156332314,2025-02-04T14:30:36.015Z,mr.rickharp@gmail.com,newsletter,everyone,true,CA,,,,,,Mozilla/5.0
156332314,2025-02-04T14:32:38.676Z,poppybalser@gmail.com,newsletter,everyone,true,CA,,,,,,"Mozilla/5.0 (Windows NT 10.0; Win64; x64) AppleWebKit/537.36 (KHTML, like Gecko) Chrome/132.0.0.0 Safari/537.36"
156332314,2025-02-04T14:39:24.933Z,kenmcc.ca@gmail.com,newsletter,everyone,true,US,,,,,,Mozilla/5.0 (Windows NT 5.1; rv:11.0) Gecko Firefox/11.0 (via ggpht.com GoogleImageProxy)
156332314,2025-02-04T14:45:55.895Z,tonyhalmos@yahoo.ca,newsletter,everyone,true,CA,,,,,,Mozilla/5.0
156332314,2025-02-04T14:46:53.281Z,dsloly@gmail.com,newsletter,everyone,true,US,,,,,,Mozilla/5.0 (Windows NT 5.1; rv:11.0) Gecko Firefox/11.0 (via ggpht.com GoogleImageProxy)
156332314,2025-02-04T15:17:29.533Z,chris@no-media.co,newsletter,everyone,true,CA,,,,,,Mozilla/5.0
156332314,2025-02-04T15:24:20.085Z,congxing@gmail.com,newsletter,everyone,true,US,,,,,,Mozilla/5.0 (Windows NT 5.1; rv:11.0) Gecko Firefox/11.0 (via ggpht.com GoogleImageProxy)
156332314,2025-02-04T15:24:21.597Z,congxing@gmail.com,newsletter,everyone,true,US,,,,,,Mozilla/5.0 (Windows NT 5.1; rv:11.0) Gecko Firefox/11.0 (via ggpht.com GoogleImageProxy)
156332314,2025-02-04T15:24:25.435Z,congxing@gmail.com,newsletter,everyone,true,US,,,,,,Mozilla/5.0 (Windows NT 5.1; rv:11.0) Gecko Firefox/11.0 (via ggpht.com GoogleImageProxy)
156332314,2025-02-04T15:36:27.931Z,dsloly@gmail.com,newsletter,everyone,true,US,,,,,,Mozilla/5.0 (Windows NT 5.1; rv:11.0) Gecko Firefox/11.0 (via ggpht.com GoogleImageProxy)
156332314,2025-02-04T15:36:37.615Z,dsloly@gmail.com,newsletter,everyone,true,US,,,,,,Mozilla/5.0 (Windows NT 5.1; rv:11.0) Gecko Firefox/11.0 (via ggpht.com GoogleImageProxy)
156332314,2025-02-04T16:07:39.275Z,dsloly@gmail.com,newsletter,everyone,true,US,,,,,,Mozilla/5.0 (Windows NT 5.1; rv:11.0) Gecko Firefox/11.0 (via ggpht.com GoogleImageProxy)
156332314,2025-02-04T16:28:46.522Z,liliezendel@gmail.com,newsletter,everyone,true,US,,,,,,Mozilla/5.0 (Windows NT 5.1; rv:11.0) Gecko Firefox/11.0 (via ggpht.com GoogleImageProxy)
156332314,2025-02-04T16:46:36.759Z,liliezendel@gmail.com,newsletter,everyone,true,US,,,,,,Mozilla/5.0 (Windows NT 5.1; rv:11.0) Gecko Firefox/11.0 (via ggpht.com GoogleImageProxy)
156332314,2025-02-04T16:46:39.175Z,liliezendel@gmail.com,newsletter,everyone,true,US,,,,,,Mozilla/5.0 (Windows NT 5.1; rv:11.0) Gecko Firefox/11.0 (via ggpht.com GoogleImageProxy)
156332314,2025-02-04T16:46:42.734Z,liliezendel@gmail.com,newsletter,everyone,true,US,,,,,,Mozilla/5.0 (Windows NT 5.1; rv:11.0) Gecko Firefox/11.0 (via ggpht.com GoogleImageProxy)
156332314,2025-02-04T17:21:27.209Z,dagelb@gmail.com,newsletter,everyone,true,CA,,,,,,Mozilla/5.0
156332314,2025-02-04T17:29:07.366Z,rizikov8@gmail.com,newsletter,everyone,true,CA,,,,,,Mozilla/5.0
156332314,2025-02-04T17:37:42.624Z,rbc@returnoninsight.ca,newsletter,everyone,true,US,,,,,,Mozilla/5.0 (Windows NT 5.1; rv:11.0) Gecko Firefox/11.0 (via ggpht.com GoogleImageProxy)
156332314,2025-02-04T18:15:43.695Z,leigh.day@me.com,newsletter,everyone,true,CA,,,,,,Mozilla/5.0
156332314,2025-02-04T19:17:28.803Z,wes.wynens@gmail.com,newsletter,everyone,true,US,,,,,,Mozilla/5.0
156332314,2025-02-04T20:05:53.320Z,gordon.jd.ruby@gmail.com,newsletter,everyone,true,CA,,,,,,Mozilla/5.0
156332314,2025-02-04T20:25:32.247Z,deluge_bistros0j@icloud.com,newsletter,everyone,true,CA,,,,,,Mozilla/5.0
156332314,2025-02-04T20:40:58.181Z,poppybalser@gmail.com,newsletter,everyone,true,CA,,,,,,Mozilla/5.0
156332314,2025-02-04T21:19:23.912Z,buenaonda76@gmail.com,newsletter,everyone,true,US,,,,,,Mozilla/5.0 (Windows NT 5.1; rv:11.0) Gecko Firefox/11.0 (via ggpht.com GoogleImageProxy)
156332314,2025-02-04T21:47:11.383Z,buenaonda76@gmail.com,newsletter,everyone,true,US,,,,,,Mozilla/5.0 (Windows NT 5.1; rv:11.0) Gecko Firefox/11.0 (via ggpht.com GoogleImageProxy)
156332314,2025-02-04T22:30:38.171Z,gherrle1@gmail.com,newsletter,everyone,false,US,,,,,,Mozilla/5.0 (Windows NT 5.1; rv:11.0) Gecko Firefox/11.0 (via ggpht.com GoogleImageProxy)
156332314,2025-02-04T22:30:57.276Z,gherrle1@gmail.com,newsletter,everyone,false,US,,,,,,Mozilla/5.0 (Windows NT 5.1; rv:11.0) Gecko Firefox/11.0 (via ggpht.com GoogleImageProxy)
156332314,2025-02-04T22:32:02.230Z,gherrle1@gmail.com,newsletter,everyone,false,US,,,,,,Mozilla/5.0 (Windows NT 5.1; rv:11.0) Gecko Firefox/11.0 (via ggpht.com GoogleImageProxy)
156332314,2025-02-04T22:33:02.314Z,gherrle1@gmail.com,newsletter,everyone,false,US,,,,,,Mozilla/5.0 (Windows NT 5.1; rv:11.0) Gecko Firefox/11.0 (via ggpht.com GoogleImageProxy)
156332314,2025-02-04T22:33:14.413Z,gherrle1@gmail.com,newsletter,everyone,false,US,,,,,,Mozilla/5.0 (Windows NT 5.1; rv:11.0) Gecko Firefox/11.0 (via ggpht.com GoogleImageProxy)
156332314,2025-02-04T22:33:38.569Z,gherrle1@gmail.com,newsletter,everyone,false,US,,,,,,Mozilla/5.0 (Windows NT 5.1; rv:11.0) Gecko Firefox/11.0 (via ggpht.com GoogleImageProxy)
156332314,2025-02-04T22:56:17.566Z,avanegmond1@gmail.com,newsletter,everyone,true,US,,,,,,Mozilla/5.0 (Windows NT 5.1; rv:11.0) Gecko Firefox/11.0 (via ggpht.com GoogleImageProxy)
156332314,2025-02-05T01:15:47.137Z,gehlaw@gmail.com,newsletter,everyone,true,US,,,,,,Mozilla/5.0
156332314,2025-02-05T02:38:15.904Z,stro1@me.com,newsletter,everyone,true,CA,,,,,,Mozilla/5.0
156332314,2025-02-05T03:21:08.315Z,tboyce1240@gmail.com,newsletter,everyone,true,CA,,,,,,Mozilla/5.0
156332314,2025-02-05T04:04:07.790Z,sherida@openflows.net,newsletter,everyone,true,US,,,,,,Mozilla/5.0 (Windows NT 5.1; rv:11.0) Gecko Firefox/11.0 (via ggpht.com GoogleImageProxy)
156332314,2025-02-05T06:26:11.322Z,thanhlp18@gmail.com,newsletter,everyone,true,US,,,,,,Mozilla/5.0 (Windows NT 5.1; rv:11.0) Gecko Firefox/11.0 (via ggpht.com GoogleImageProxy)
156332314,2025-02-05T08:45:03.779Z,jplzimmer@gmail.com,newsletter,everyone,true,CA,,,,,,Mozilla/5.0
156332314,2025-02-05T12:50:22.657Z,buenaonda76@gmail.com,newsletter,everyone,true,US,,,,,,Mozilla/5.0 (Windows NT 5.1; rv:11.0) Gecko Firefox/11.0 (via ggpht.com GoogleImageProxy)
156332314,2025-02-05T14:11:45.738Z,liliezendel@gmail.com,newsletter,everyone,true,US,,,,,,Mozilla/5.0 (Windows NT 5.1; rv:11.0) Gecko Firefox/11.0 (via ggpht.com GoogleImageProxy)
156332314,2025-02-05T15:59:08.069Z,marjonneke.grech@gmail.com,newsletter,everyone,true,CA,,,,,,Mozilla/4.0 (compatible; ms-office; MSOffice 16)
156332314,2025-02-05T17:11:47.975Z,rea.mcnamara@gmail.com,newsletter,everyone,true,CA,,,,,,Mozilla/5.0
156332314,2025-02-05T17:20:37.622Z,cyberific@rocketmail.com,newsletter,everyone,true,US,,,,,,YahooMailProxy; https://help.yahoo.com/kb/yahoo-mail-proxy-SLN28749.html
156332314,2025-02-05T19:52:13.301Z,aitch73@gmail.com,newsletter,everyone,true,US,,,,,,Mozilla/5.0 (Windows NT 5.1; rv:11.0) Gecko Firefox/11.0 (via ggpht.com GoogleImageProxy)
156332314,2025-02-05T20:22:25.702Z,ppittman@gmail.com,newsletter,everyone,true,CA,,,,,,Mozilla/5.0
156332314,2025-02-05T23:03:52.641Z,bgrantpaul@gmail.com,newsletter,everyone,true,CA,,,,,,Mozilla/5.0
156332314,2025-02-05T23:48:10.958Z,michael@dasha.org,newsletter,everyone,true,US,,,,,,Mozilla/5.0
156332314,2025-02-06T01:26:03.716Z,metaviews@oddiofile.com,newsletter,everyone,true,US,,,,,,Mozilla/5.0 (Windows NT 5.1; rv:11.0) Gecko Firefox/11.0 (via ggpht.com GoogleImageProxy)
156332314,2025-02-06T02:55:40.675Z,hodgemichaelj@gmail.com,newsletter,everyone,true,US,,,,,,Mozilla/5.0 (Windows NT 5.1; rv:11.0) Gecko Firefox/11.0 (via ggpht.com GoogleImageProxy)
156332314,2025-02-06T03:58:02.555Z,lucasarmenta@yahoo.com,newsletter,everyone,true,US,,,,,,Mozilla/5.0
156332314,2025-02-06T05:49:33.336Z,mdhgray@Me.com,newsletter,everyone,true,CA,,,,,,Mozilla/5.0
156332314,2025-02-06T07:01:59.352Z,maggienificent@icloud.com,newsletter,everyone,true,US,,,,,,Mozilla/5.0
156332314,2025-02-06T08:05:23.863Z,bernyhuber@me.com,newsletter,everyone,true,CH,,,,,,Mozilla/5.0
156332314,2025-02-06T11:04:30.834Z,buenaonda76@gmail.com,newsletter,everyone,true,US,,,,,,Mozilla/5.0 (Windows NT 5.1; rv:11.0) Gecko Firefox/11.0 (via ggpht.com GoogleImageProxy)
156332314,2025-02-06T11:23:01.668Z,buenaonda76@gmail.com,newsletter,everyone,true,US,,,,,,Mozilla/5.0 (Windows NT 5.1; rv:11.0) Gecko Firefox/11.0 (via ggpht.com GoogleImageProxy)
156332314,2025-02-06T12:25:13.165Z,1200bill@gmail.com,newsletter,everyone,true,CR,,,,,,Mozilla/5.0
156332314,2025-02-06T14:14:21.138Z,janice.neil@ryerson.ca,newsletter,everyone,true,CA,,,,,,Mozilla/5.0
156332314,2025-02-06T17:29:05.569Z,donmchoull@gmail.com,newsletter,everyone,true,CA,,,,,,Mozilla/5.0
156332314,2025-02-06T17:40:30.683Z,maggienificent@icloud.com,newsletter,everyone,true,US,,,,,,Mozilla/5.0
156332314,2025-02-06T18:41:11.867Z,susan.eileen.campbell@gmail.com,newsletter,everyone,true,US,,,,,,Mozilla/5.0 (Windows NT 5.1; rv:11.0) Gecko Firefox/11.0 (via ggpht.com GoogleImageProxy)
156332314,2025-02-06T21:37:00.393Z,ans.sacca@rogers.com,newsletter,everyone,true,CA,,,,,,Mozilla/5.0
156332314,2025-02-06T23:25:32.503Z,andrewprotti@yahoo.ca,newsletter,everyone,true,IT,,,,,,Mozilla/5.0
156332314,2025-02-07T00:23:18.789Z,monique.tschofen@gmail.com,newsletter,everyone,true,CA,,,,,,Mozilla/5.0
156332314,2025-02-07T10:47:56.648Z,buenaonda76@gmail.com,newsletter,everyone,true,US,,,,,,Mozilla/5.0 (Windows NT 5.1; rv:11.0) Gecko Firefox/11.0 (via ggpht.com GoogleImageProxy)
156332314,2025-02-07T14:19:37.108Z,timcasswell@me.com,newsletter,everyone,true,CA,,,,,,Mozilla/5.0
156332314,2025-02-07T15:22:22.280Z,obyrneanna@yahoo.ca,newsletter,everyone,true,CA,,,,,,Mozilla/5.0
156332314,2025-02-07T20:37:32.201Z,mekapral@gmail.com,newsletter,everyone,true,CA,,,,,,Mozilla/5.0
156332314,2025-02-07T21:19:43.988Z,debora.daigle@sympatico.ca,newsletter,everyone,true,CA,,,,,,Mozilla/5.0
156332314,2025-02-07T21:28:17.881Z,monique.tschofen@gmail.com,newsletter,everyone,true,CA,,,,,,Mozilla/5.0
156332314,2025-02-07T21:34:43.255Z,buenaonda76@gmail.com,newsletter,everyone,true,US,,,,,,Mozilla/5.0 (Windows NT 5.1; rv:11.0) Gecko Firefox/11.0 (via ggpht.com GoogleImageProxy)
156332314,2025-02-07T23:11:02.921Z,msmesley@gmail.com,newsletter,everyone,true,CA,,,,,,Mozilla/5.0
156332314,2025-02-08T06:06:35.720Z,maggienificent@icloud.com,newsletter,everyone,true,US,,,,,,Mozilla/5.0
156332314,2025-02-08T14:09:54.828Z,bill.fox@bell.net,newsletter,everyone,true,US,,,,,,Mozilla/5.0
156332314,2025-02-08T15:29:23.098Z,smccaugh@outlook.com,newsletter,everyone,false,CA,,,,,,Mozilla/5.0
156332314,2025-02-08T15:54:06.966Z,chuckpinebox@gmail.com,newsletter,everyone,true,US,,,,,,Mozilla/5.0 (Windows NT 5.1; rv:11.0) Gecko Firefox/11.0 (via ggpht.com GoogleImageProxy)
156332314,2025-02-08T16:00:31.927Z,chuckpinebox@gmail.com,newsletter,everyone,true,US,,,,,,Mozilla/5.0 (Windows NT 5.1; rv:11.0) Gecko Firefox/11.0 (via ggpht.com GoogleImageProxy)
156332314,2025-02-08T17:00:28.971Z,timcasswell@me.com,newsletter,everyone,true,CA,,,,,,Mozilla/5.0
156332314,2025-02-08T19:18:21.338Z,mekapral@gmail.com,newsletter,everyone,true,CA,,,,,,Mozilla/5.0
156332314,2025-02-08T20:28:09.712Z,4e44879d-a148-4b32-8586-9b171d3fb47f@deletion-request.substack.com,newsletter,everyone,true,CA,,,,,,Mozilla/5.0
156332314,2025-02-08T21:42:06.323Z,fionarcoll@gmail.com,newsletter,everyone,true,CA,,,,,,Mozilla/5.0
156332314,2025-02-09T13:13:46.360Z,maggienificent@icloud.com,newsletter,everyone,true,US,,,,,,Mozilla/5.0
156332314,2025-02-09T21:27:46.159Z,mdhgray@Me.com,newsletter,everyone,true,CA,,,,,,Mozilla/5.0
156332314,2025-02-10T03:28:22.933Z,buenaonda76@gmail.com,newsletter,everyone,true,US,,,,,,Mozilla/5.0 (Windows NT 5.1; rv:11.0) Gecko Firefox/11.0 (via ggpht.com GoogleImageProxy)
156332314,2025-02-10T05:19:52.187Z,buenaonda76@gmail.com,newsletter,everyone,true,US,,,,,,Mozilla/5.0 (Windows NT 5.1; rv:11.0) Gecko Firefox/11.0 (via ggpht.com GoogleImageProxy)
156332314,2025-02-10T05:28:22.257Z,buenaonda76@gmail.com,newsletter,everyone,true,US,,,,,,Mozilla/5.0 (Windows NT 5.1; rv:11.0) Gecko Firefox/11.0 (via ggpht.com GoogleImageProxy)
156332314,2025-02-10T08:42:32.088Z,mdhgray@Me.com,newsletter,everyone,true,CA,,,,,,Mozilla/5.0
156332314,2025-02-10T09:19:04.104Z,buenaonda76@gmail.com,newsletter,everyone,true,US,,,,,,Mozilla/5.0 (Windows NT 5.1; rv:11.0) Gecko Firefox/11.0 (via ggpht.com GoogleImageProxy)
156332314,2025-02-10T13:08:42.198Z,tboyce1240@gmail.com,newsletter,everyone,true,CA,,,,,,Mozilla/5.0
156332314,2025-02-10T13:37:31.581Z,buenaonda76@gmail.com,newsletter,everyone,true,US,,,,,,Mozilla/5.0 (Windows NT 5.1; rv:11.0) Gecko Firefox/11.0 (via ggpht.com GoogleImageProxy)
156332314,2025-02-10T16:35:25.167Z,zakcross@shaw.ca,newsletter,everyone,true,CA,,,,,,Mozilla/5.0
156332314,2025-02-11T13:26:50.065Z,buenaonda76@gmail.com,newsletter,everyone,true,US,,,,,,Mozilla/5.0 (Windows NT 5.1; rv:11.0) Gecko Firefox/11.0 (via ggpht.com GoogleImageProxy)
156332314,2025-02-11T13:29:12.262Z,buenaonda76@gmail.com,newsletter,everyone,true,US,,,,,,Mozilla/5.0 (Windows NT 5.1; rv:11.0) Gecko Firefox/11.0 (via ggpht.com GoogleImageProxy)
156332314,2025-02-12T10:48:09.077Z,buenaonda76@gmail.com,newsletter,everyone,true,US,,,,,,Mozilla/5.0 (Windows NT 5.1; rv:11.0) Gecko Firefox/11.0 (via ggpht.com GoogleImageProxy)
156332314,2025-02-12T13:01:13.964Z,assifshameen@hotmail.com,newsletter,everyone,true,CA,,,,,,Mozilla/5.0
156332314,2025-02-12T15:52:43.655Z,katsnewsletter@gmail.com,newsletter,everyone,true,US,,,,,,Mozilla/5.0
156332314,2025-02-12T16:00:15.794Z,robinlobb@gmail.com,newsletter,everyone,true,CA,,,,,,Mozilla/5.0
156332314,2025-02-13T03:32:40.676Z,matthew.david.legg@gmail.com,newsletter,everyone,true,US,,,,,,Mozilla/5.0 (Windows NT 5.1; rv:11.0) Gecko Firefox/11.0 (via ggpht.com GoogleImageProxy)
156332314,2025-02-13T10:40:14.721Z,mdhgray@Me.com,newsletter,everyone,true,CA,,,,,,Mozilla/5.0
156332314,2025-02-13T10:41:50.346Z,buenaonda76@gmail.com,newsletter,everyone,true,US,,,,,,Mozilla/5.0 (Windows NT 5.1; rv:11.0) Gecko Firefox/11.0 (via ggpht.com GoogleImageProxy)
156332314,2025-02-13T19:11:47.993Z,briancotie@gmail.com,newsletter,everyone,true,CA,,,,,,Mozilla/5.0
156332314,2025-02-13T20:41:43.814Z,mikeklages@gmail.com,newsletter,everyone,true,CA,,,,,,Mozilla/5.0
156332314,2025-02-13T21:27:31.145Z,buenaonda76@gmail.com,newsletter,everyone,true,US,,,,,,Mozilla/5.0 (Windows NT 5.1; rv:11.0) Gecko Firefox/11.0 (via ggpht.com GoogleImageProxy)
156332314,2025-02-13T23:56:53.489Z,buenaonda76@gmail.com,newsletter,everyone,true,US,,,,,,Mozilla/5.0 (Windows NT 5.1; rv:11.0) Gecko Firefox/11.0 (via ggpht.com GoogleImageProxy)
156332314,2025-02-14T02:34:14.251Z,monique.tschofen@gmail.com,newsletter,everyone,true,CA,,,,,,Mozilla/5.0
156332314,2025-02-14T07:17:47.566Z,professorpolymath@gmail.com,newsletter,everyone,true,CA,,,,,,Mozilla/5.0
156332314,2025-02-14T13:32:15.988Z,sabrinarauscher@gmail.com,newsletter,everyone,true,CA,,,,,,Mozilla/5.0
156332314,2025-02-14T16:50:08.859Z,buenaonda76@gmail.com,newsletter,everyone,true,US,,,,,,Mozilla/5.0 (Windows NT 5.1; rv:11.0) Gecko Firefox/11.0 (via ggpht.com GoogleImageProxy)
156332314,2025-02-14T21:07:30.326Z,buenaonda76@gmail.com,newsletter,everyone,true,US,,,,,,Mozilla/5.0 (Windows NT 5.1; rv:11.0) Gecko Firefox/11.0 (via ggpht.com GoogleImageProxy)
156332314,2025-02-15T03:02:08.039Z,zakcross@shaw.ca,newsletter,everyone,true,CA,,,,,,Mozilla/5.0
156332314,2025-02-15T17:34:37.724Z,commercialbrendan@gmail.com,newsletter,everyone,true,US,,,,,,Mozilla/5.0 (Windows NT 5.1; rv:11.0) Gecko Firefox/11.0 (via ggpht.com GoogleImageProxy)
156332314,2025-02-15T22:07:38.824Z,erika.r.ibrahim@gmail.com,newsletter,everyone,true,CA,,,,,,Mozilla/5.0
156332314,2025-02-16T08:20:10.813Z,timcasswell@me.com,newsletter,everyone,true,CA,,,,,,Mozilla/5.0
156332314,2025-02-16T10:06:04.884Z,chris@no-media.co,newsletter,everyone,true,CA,,,,,,Mozilla/5.0
156332314,2025-02-16T16:27:18.510Z,commercialbrendan@gmail.com,newsletter,everyone,true,US,,,,,,Mozilla/5.0 (Windows NT 5.1; rv:11.0) Gecko Firefox/11.0 (via ggpht.com GoogleImageProxy)
156332314,2025-02-16T16:31:58.133Z,commercialbrendan@gmail.com,newsletter,everyone,true,US,,,,,,Mozilla/5.0 (Windows NT 5.1; rv:11.0) Gecko Firefox/11.0 (via ggpht.com GoogleImageProxy)
156332314,2025-02-16T16:36:56.759Z,fifth.business@yahoo.ca,newsletter,everyone,true,CA,,,,,,Mozilla/5.0
156332314,2025-02-16T17:13:11.593Z,guerrero.daphne@gmail.com,newsletter,everyone,true,US,,,,,,Mozilla/5.0 (Windows NT 5.1; rv:11.0) Gecko Firefox/11.0 (via ggpht.com GoogleImageProxy)
156332314,2025-02-17T05:48:40.518Z,katsnewsletter@gmail.com,newsletter,everyone,true,US,,,,,,Mozilla/5.0
156332314,2025-02-18T04:29:19.066Z,sarah.el.ryan@gmail.com,newsletter,everyone,true,CA,,,,,,Mozilla/5.0
156332314,2025-02-18T07:02:07.883Z,rachelaideis@hotmail.com,newsletter,everyone,true,CA,,,,,,Mozilla/5.0
156332314,2025-02-18T12:58:12.665Z,buenaonda76@gmail.com,newsletter,everyone,true,US,,,,,,Mozilla/5.0 (Windows NT 5.1; rv:11.0) Gecko Firefox/11.0 (via ggpht.com GoogleImageProxy)
156332314,2025-02-18T18:52:54.707Z,c@sanfranciscoconsult.com,newsletter,everyone,true,FR,,,,,,Mozilla/5.0
156332314,2025-02-19T01:35:37.852Z,buenaonda76@gmail.com,newsletter,everyone,true,US,,,,,,Mozilla/5.0 (Windows NT 5.1; rv:11.0) Gecko Firefox/11.0 (via ggpht.com GoogleImageProxy)
156332314,2025-02-19T16:58:44.454Z,smccaugh@outlook.com,newsletter,everyone,false,CA,,,,,,Mozilla/4.0 (compatible; ms-office; MSOffice 16)
156332314,2025-02-19T16:58:44.561Z,smccaugh@outlook.com,newsletter,everyone,false,CA,,,,,,Mozilla/4.0 (compatible; ms-office; MSOffice 16)
156332314,2025-02-19T17:09:50.887Z,janice.neil@ryerson.ca,newsletter,everyone,true,CA,,,,,,Mozilla/5.0
156332314,2025-02-19T19:38:01.600Z,janice.neil@ryerson.ca,newsletter,everyone,true,CA,,,,,,Mozilla/5.0
156332314,2025-02-19T21:01:44.134Z,buenaonda76@gmail.com,newsletter,everyone,true,US,,,,,,Mozilla/5.0 (Windows NT 5.1; rv:11.0) Gecko Firefox/11.0 (via ggpht.com GoogleImageProxy)
156332314,2025-02-19T21:06:27.182Z,buenaonda76@gmail.com,newsletter,everyone,true,US,,,,,,Mozilla/5.0 (Windows NT 5.1; rv:11.0) Gecko Firefox/11.0 (via ggpht.com GoogleImageProxy)
156332314,2025-02-20T03:18:14.767Z,rebredux@gmail.com,newsletter,everyone,true,CA,,,,,,Mozilla/5.0
156332314,2025-02-20T14:35:55.812Z,katsnewsletter@gmail.com,newsletter,everyone,true,US,,,,,,Mozilla/5.0
156332314,2025-02-20T19:45:10.764Z,kenmcc.ca@gmail.com,newsletter,everyone,true,CA,,,,,,Mozilla/5.0
156332314,2025-02-21T02:28:57.804Z,buenaonda76@gmail.com,newsletter,everyone,true,US,,,,,,Mozilla/5.0 (Windows NT 5.1; rv:11.0) Gecko Firefox/11.0 (via ggpht.com GoogleImageProxy)
156332314,2025-02-21T02:39:19.201Z,kenmcc.ca@gmail.com,newsletter,everyone,true,US,,,,,,Mozilla/5.0 (Windows NT 5.1; rv:11.0) Gecko Firefox/11.0 (via ggpht.com GoogleImageProxy)
156332314,2025-02-21T02:39:28.146Z,kenmcc.ca@gmail.com,newsletter,everyone,true,US,,,,,,Mozilla/5.0 (Windows NT 5.1; rv:11.0) Gecko Firefox/11.0 (via ggpht.com GoogleImageProxy)
156332314,2025-02-21T13:23:46.138Z,c@sanfranciscoconsult.com,newsletter,everyone,true,FR,,,,,,Mozilla/5.0
156332314,2025-02-21T14:28:12.817Z,m3diacy@gmail.com,newsletter,everyone,true,US,,,,,,Mozilla/5.0 (Windows NT 5.1; rv:11.0) Gecko Firefox/11.0 (via ggpht.com GoogleImageProxy)
156332314,2025-02-21T15:45:50.830Z,chris@no-media.co,newsletter,everyone,true,CA,,,,,,Mozilla/5.0
156332314,2025-02-22T22:04:31.816Z,angela.nardozi@gmail.com,newsletter,everyone,true,US,,,,,,Mozilla/5.0 (Windows NT 5.1; rv:11.0) Gecko Firefox/11.0 (via ggpht.com GoogleImageProxy)
156332314,2025-02-23T17:41:04.008Z,angela.nardozi@gmail.com,newsletter,everyone,true,US,,,,,,Mozilla/5.0 (Windows NT 5.1; rv:11.0) Gecko Firefox/11.0 (via ggpht.com GoogleImageProxy)
156332314,2025-02-26T02:09:40.235Z,dagelb@gmail.com,newsletter,everyone,true,CA,,,,,,Mozilla/5.0
156332314,2025-02-26T04:17:48.258Z,mdhgray@Me.com,newsletter,everyone,true,CA,,,,,,Mozilla/5.0
156332314,2025-02-26T15:48:50.338Z,guerrero.daphne@gmail.com,newsletter,everyone,true,US,,,,,,Mozilla/5.0 (Windows NT 5.1; rv:11.0) Gecko Firefox/11.0 (via ggpht.com GoogleImageProxy)
156332314,2025-02-26T15:58:43.543Z,monique.tschofen@gmail.com,newsletter,everyone,true,MX,,,,,,Mozilla/5.0
156332314,2025-02-26T15:58:48.491Z,monique.tschofen@gmail.com,newsletter,everyone,true,MX,,,,,,Mozilla/5.0
156332314,2025-02-27T16:56:04.432Z,iozzo@sympatico.ca,newsletter,everyone,true,CA,,,,,,Mozilla/5.0
156332314,2025-02-28T05:10:01.070Z,mdhgray@Me.com,newsletter,everyone,true,CA,,,,,,Mozilla/5.0
156332314,2025-02-28T08:30:58.408Z,Caniceleung@gmail.com,newsletter,everyone,true,CA,,,,,,Mozilla/5.0
156332314,2025-03-01T10:56:11.494Z,zena@zreyas.ca,newsletter,everyone,true,CA,,,,,,Mozilla/5.0
156332314,2025-03-01T12:33:28.479Z,sylvain.gratton@hec.ca,newsletter,everyone,true,CA,,,,,,Mozilla/5.0
156332314,2025-03-03T15:26:22.436Z,stro1@me.com,newsletter,everyone,true,CA,,,,,,Mozilla/5.0
156332314,2025-03-04T04:14:17.612Z,guerrero.daphne@gmail.com,newsletter,everyone,true,US,,,,,,Mozilla/5.0 (Windows NT 5.1; rv:11.0) Gecko Firefox/11.0 (via ggpht.com GoogleImageProxy)
156332314,2025-03-04T19:53:23.904Z,annette@thebuscentre.com,newsletter,everyone,true,CA,,,,,,Mozilla/4.0 (compatible; ms-office; MSOffice 16)
